表索引	组Id	回合数	开始时间点（帧，10帧1秒）	提示时间点（帧）	提示语	怪物池Id
id	groupId	round	startTime	tipTime	tipLang	monsterPid
101	1	1	50	40	g1050_tip_towerDefense_first	101
102	1	2	150	100	g1050_tip_towerDefense	102
103	1	3	250	200	g1050_tip_towerDefense	103
104	1	4	350	300	g1050_tip_towerDefense	104
105	1	5	450	400	g1050_tip_towerDefense	105
106	1	6	600	550	g1050_tip_towerDefense	106
107	1	7	750	700	g1050_tip_towerDefense	107
108	1	8	900	850	g1050_tip_towerDefense	108
109	1	9	1050	1000	g1050_tip_towerDefense	109
110	1	10	1200	1150	g1050_tip_towerDefense	110
111	1	11	1350	1300	g1050_tip_towerDefense	111
112	1	12	1550	1500	g1050_tip_towerDefense	112
113	1	13	1750	1700	g1050_tip_towerDefense	113
114	1	14	1950	1900	g1050_tip_towerDefense	114
115	1	15	2150	2100	g1050_tip_towerDefense	115
116	1	16	2350	2300	g1050_tip_towerDefense	116
117	1	17	2550	2500	g1050_tip_towerDefense	117
118	1	18	2800	2750	g1050_tip_towerDefense	118
119	1	19	3050	3000	g1050_tip_towerDefense	119
120	1	20	3300	3250	g1050_tip_towerDefense	120
121	1	21	3550	3500	g1050_tip_towerDefense	121
122	1	22	3800	3750	g1050_tip_towerDefense	122
123	1	23	4050	4000	g1050_tip_towerDefense	123
124	1	24	4300	4250	g1050_tip_towerDefense_last	124
201	2	1	50	40	g1050_tip_towerDefense_first	201
202	2	2	150	100	g1050_tip_towerDefense	202
203	2	3	250	200	g1050_tip_towerDefense	203
204	2	4	350	300	g1050_tip_towerDefense	204
205	2	5	450	400	g1050_tip_towerDefense	205
206	2	6	600	550	g1050_tip_towerDefense	206
207	2	7	750	700	g1050_tip_towerDefense	207
208	2	8	900	850	g1050_tip_towerDefense	208
209	2	9	1050	1000	g1050_tip_towerDefense	209
210	2	10	1200	1150	g1050_tip_towerDefense	210
211	2	11	1350	1300	g1050_tip_towerDefense	211
212	2	12	1550	1500	g1050_tip_towerDefense	212
213	2	13	1750	1700	g1050_tip_towerDefense	213
214	2	14	1950	1900	g1050_tip_towerDefense	214
215	2	15	2150	2100	g1050_tip_towerDefense	215
216	2	16	2350	2300	g1050_tip_towerDefense	216
217	2	17	2550	2500	g1050_tip_towerDefense	217
218	2	18	2800	2750	g1050_tip_towerDefense	218
219	2	19	3050	3000	g1050_tip_towerDefense	219
220	2	20	3300	3250	g1050_tip_towerDefense	220
221	2	21	3550	3500	g1050_tip_towerDefense	221
222	2	22	3800	3750	g1050_tip_towerDefense	222
223	2	23	4050	4000	g1050_tip_towerDefense	223
224	2	24	4300	4250	g1050_tip_towerDefense_last	224
