表索引	活动Id	名称	图片	文本	条件
id	activityId	name	image	text	condition
1	1003	summer_npc_carpentry.name	set:activity_npc_1.json image:img_npc_3	summer_npc_carpentry.desc_1	0#999999
2	1003	summer_npc_carpentry.name	set:activity_npc_1.json image:img_npc_3	summer_npc_carpentry.desc_2	1000000#2999999
3	1003	summer_npc_carpentry.name	set:activity_npc_1.json image:img_npc_3	summer_npc_carpentry.desc_3	3000000#4999999
4	1003	summer_npc_carpentry.name	set:activity_npc_1.json image:img_npc_3	summer_npc_carpentry.desc_4	5000000#-1
5	1004	summer_npc_captain.name	set:activity_npc_1.json image:img_npc_1	summer_npc_captain.desc_1	#
6	1005	summer_npc_sailor.name	set:activity_npc_1.json image:img_npc_2	summer_npc_sailor.desc_1	0#999999
7	1005	summer_npc_sailor.name	set:activity_npc_1.json image:img_npc_2	summer_npc_sailor.desc_2	1000000#2999999
8	1005	summer_npc_sailor.name	set:activity_npc_1.json image:img_npc_2	summer_npc_sailor.desc_3	3000000#4999999
9	1005	summer_npc_sailor.name	set:activity_npc_1.json image:img_npc_2	summer_npc_sailor.desc_4	5000000#-1
10	1006	summer_npc_captain.name	set:activity_npc_1.json image:img_npc_1	summer_npc_captain.desc_2	#
11	1007	summer_npc_crab.name	set:activity_npc_1.json image:img_npc_4	summer_npc_crab.desc_1_1	0#999999
12	1007	summer_npc_crab.name	set:activity_npc_1.json image:img_npc_4	summer_npc_crab.desc_1_2	0#999999
13	1007	summer_npc_crab.name	set:activity_npc_1.json image:img_npc_4	summer_npc_crab.desc_2	1000000#2999999
14	1007	summer_npc_crab.name	set:activity_npc_1.json image:img_npc_4	summer_npc_crab.desc_3	3000000#4999999
15	1007	summer_npc_crab.name	set:activity_npc_1.json image:img_npc_4	summer_npc_crab.desc_4	5000000#-1
16	1008	summer_npc_captain.name	set:activity_npc_1.json image:img_npc_1	summer_npc_captain.desc_3	#
