唯一ID	活动Id	排序	图片	文本	执行动作	参数
id	activityId	sort	image	text	action	params
1	1003	1	set:island_collect_1.json image:btn_synthetics	activityfunctab_1003_1	OpenUI	GUIPlayerInventoryLua#2#2#true
2	1003	2	set:island_collect_1.json image:btn_draw	activityfunctab_1003_2	OpenUI	GUIIslandGlobalLottery1#1004
3	1004	1	set:island_global_lottery1.json image:btn_hand_over	activityfunctab_1004_1	OpenUI	GUIIslandCollectPanel1#1003
4	1005	1	set:island_collect_2.json image:btn_synthetics	activityfunctab_1003_1	OpenUI	GUIPlayerInventoryLua#2#2#true
5	1005	2	set:island_collect_2.json image:btn_draw	activityfunctab_1003_2	OpenUI	GUIIslandGlobalLottery2#1006
6	1006	1	set:island_global_lottery2.json image:btn_hand_over	activityfunctab_1004_1	OpenUI	GUIIslandCollectPanel2#1005
7	1007	1	set:island_collect_3.json image:btn_synthetics	activityfunctab_1003_1	OpenUI	GUIPlayerInventoryLua#2#2#true
8	1007	2	set:island_collect_3.json image:btn_draw	activityfunctab_1003_2	OpenUI	GUIIslandGlobalLottery3#1008
9	1008	1	set:island_global_lottery3.json image:btn_hand_over	activityfunctab_1004_1	OpenUI	GUIIslandCollectPanel3#1007
