活动Id	排序	活动类	活动组件	开始日期	结束日期	活动tab图	活动tab名	活动页UI	活动介绍	活动入口按钮图
id	order	class	component	startDate	endDate	tabImage	tabName	panelName	introduce	activityBtnIcon
1	999	GiftBag	#	2022,10,15,08,00,00	2022,11,15,23,59,59	set:common.json image:chb_0_select	tab.gift	GUIGiftBagPanel	introduce	#
2	6	MonthCard	#	#	#	set:common.json image:chb_0_select	tab.month.card	GUIMonthCardPanel	crystal.small#crystal	#
3	2	LuckyLottery	#	2023,2,5,00,00,00	2023,2,7,12,14,59	set:common.json image:chb_0_select	tab.lucky.draw	GUILuckyLotteryPanel	introduce	set:lucky_lottery.json image:img_gatlin_newyear_gift
4	1	LuckyLottery	#	2023,2,7,12,00,00	2023,3,5,23,59,59	set:common.json image:chb_0_select	tab.lucky.draw	GUILuckyLotteryPanel	introduce	set:lucky_lottery.json image:img_gatlin_gold_gift
5	3	Lottery	#	#	#	set:common.json image:chb_0_select	tab.normal.draw	GUILotteryPanel	introduce	#
6	5	GiftBag	#	2023,2,7,08,00,00	2023,3,5,23,59,59	set:common.json image:chb_0_select	tab.gift	GUIGiftBagPanel	introduce	#
7	1	LuckyLottery	#	2023,5,6,08,00,00	2023,6,11,23,59,59	set:common.json image:chb_0_select	tab.lucky.draw	GUILuckyLotteryPanel	introduce	set:lucky_lottery.json image:img_gatlin_gold_gift
8	7	PiggyBank	#	2023,5,6,08,00,00	#	set:common.json image:chb_0_select	tab.piggybank	GUIPiggyBankPanel	gui.piggy.bank.introduce	#
9	1	LuckyLottery	#	2023,7,2,08,00,00	2023,8,21,23,59,59	set:common.json image:chb_0_select	tab.lucky.draw	GUILuckyLotteryPanel	introduce	set:lucky_lottery.json image:img_halberd_gift
10	2	GiftBag	#	2023,8,14,00,00,00	2023,11,23,23,59,59	#	#	GUIGiftBagPanel	introduce	#
11	2	GiftBag	#	2023,8,25,00,00,00	2023,11,23,23,59,59	#	#	GUIGiftBagPanel	introduce	#
12	1	LuckyLottery	#	2023,8,29,08,00,00	2023,9,7,23,59,59	set:common.json image:chb_0_select	tab.lucky.draw	GUILuckyLotteryPanel	introduce	set:lucky_lottery.json image:img_angel_ring_gift
13	5	MonthCard	#	#	#	set:common.json image:chb_0_select	tab.month.card2	GUIMonthCardPanel	stone.small#stone	#
14	1	LuckyLottery	#	2023,9,4,08,00,00	2023,10,5,23,59,59	set:common.json image:chb_0_select	tab.lucky.draw	GUILuckyLotteryPanel	introduce	set:lucky_lottery.json image:img_zeus_gift
15	2	GiftBag	#	2023,9,21,00,00,00	2023,11,23,23,59,59	#	#	GUIGiftBagPanel	introduce	#
16	999	FindGift	#	2023,12,19,23,59,59	2024,1,4,23,59,59	#	#	#	1=1&2=1&3=1	#
17	2	GiftBag	#	2023,10,21,00,00,00	2023,11,23,23,59,59	#	#	GUIGiftBagPanel	introduce	#
18	1	LuckyLottery	#	2023,10,29,08,00,00	2023,12,3,23,59,59	set:common.json image:chb_0_select	tab.lucky.draw	GUILuckyLotteryPanel	introduce	set:lucky_lottery_2.json image:img_hades_gift
19	2	GiftBag	#	2023,10,31,00,00,00	2023,11,23,23,59,59	#	#	GUIGiftBagPanel	introduce	#
20	2	GiftBag	#	2023,11,21,00,00,00	2023,11,30,23,59,59	set:common.json image:chb_0_select	tab.gift	GUIGiftBagPanel	introduce	#
21	1	LuckyLottery	#	2023,12,3,08,00,00	2024,1,4,23,59,59	set:common.json image:chb_0_select	tab.lucky.draw	GUILuckyLotteryPanel	introduce	set:lucky_lottery_2.json image:img_ares_gift
22	2	GiftBag	#	2023,12,3,00,00,00	2023,12,14,23,59,59	set:common.json image:chb_0_select	tab.gift	GUIGiftBagPanel	introduce	#
23	2	LuckyLottery	#	2023,12,20,08,00,00	2024,1,25,23,59,59	set:common.json image:chb_0_select	tab.xmas.draw	GUILuckyLotteryPanel	introduce	set:lucky_lottery_2.json image:img_christmas_wand_gift
24	3	GiftBag	#	2023,12,21,00,00,00	2024,1,4,23,59,59	set:common.json image:chb_0_select	tab.gift	GUIGiftBagPanel	introduce	#
25	3	GiftBag	#	2024,1,8,00,00,00	2024,1,18,23,59,59	set:common.json image:chb_0_select	tab.gift	GUIGiftBagPanel	introduce	#
26	3	GiftBag	#	2024,1,22,00,00,00	2024,2,1,23,59,59	set:common.json image:chb_0_select	tab.gift	GUIGiftBagPanel	introduce	#
27	3	GiftBag	#	2024,2,2,00,00,00	2024,2,8,23,59,59	set:common.json image:chb_0_select	tab.gift	GUIGiftBagPanel	introduce	#
28	2	LuckyLottery	#	2024,1,30,08,00,00	2024,2,29,23,59,59	set:common.json image:chb_0_select	tab.lucky.draw	GUILuckyLotteryPanel	introduce	set:lucky_lottery_3.json image:img_apollo_gift
29	1	LuckyLottery	#	2024,2,9,08,00,00	2024,2,23,23,59,59	set:common.json image:chb_0_select	tab.lucky.draw	GUILuckyLotteryPanel	introduce	set:lucky_lottery_3.json image:img_gatlin_ender_gift
30	3	GiftBag	#	2024,2,26,00,00,00	2024,3,7,23,59,59	set:common.json image:chb_0_select	tab.gift	GUIGiftBagPanel	introduce	#
31	1	LuckyLottery	#	2024,3,5,08,00,00	2024,4,11,23,59,59	set:common.json image:chb_0_select	tab.lucky.draw	GUILuckyLotteryPanel	introduce	set:lucky_lottery_3.json image:img_ramadan_gift
32	3	GiftBag	#	2024,3,18,00,00,00	2024,3,28,23,59,59	set:common.json image:chb_0_select	tab.gift	GUIGiftBagPanel	introduce	#
33	1	LuckyLottery	#	2024,3,18,08,00,00	2024,4,4,23,59,59	set:common.json image:chb_0_select	tab.lucky.draw	GUILuckyLotteryPanel	introduce	#
34	2	LuckyLottery	#	2024,4,10,08,00,00	2024,5,12,23,59,59	set:common.json image:chb_0_select	tab.lucky.draw	GUILuckyLotteryPanel	introduce	set:lucky_lottery_4.json image:img_fenrir_gift
35	3	GiftBag	#	2024,4,10,00,00,00	2024,4,18,23,59,59	set:common.json image:chb_0_select	tab.gift	GUIGiftBagPanel	introduce	#
36	3	GiftBag	#	2024,4,22,00,00,00	2024,5,2,23,59,59	set:common.json image:chb_0_select	tab.gift	GUIGiftBagPanel	introduce	#
37	2	LuckyLottery	#	2024,5,1,08,00,00	2024,6,6,23,59,59	set:common.json image:chb_0_select	tab.lucky.draw	GUILuckyLotteryPanel	introduce	set:lucky_lottery_4.json image:img_shadowless_gift
38	3	GiftBag	#	2024,5,1,08,00,00	2024,5,16,23,59,59	set:common.json image:chb_0_select	tab.gift	GUIGiftBagPanel	introduce	#
39	3	GiftBag	#	2024,5,16,08,00,00	2024,5,30,23,59,59	set:common.json image:chb_0_select	tab.gift	GUIGiftBagPanel	introduce	#
40	2	LuckyLottery	#	2024,5,28,08,00,00	2024,6,30,23,59,59	set:common.json image:chb_0_select	tab.lucky.draw	GUILuckyLotteryPanel	introduce	set:lucky_lottery_4.json image:img_valkyrie_gift
41	3	GiftBag	#	2024,5,28,08,00,00	2024,6,6,23,59,59	set:common.json image:chb_0_select	tab.gift	GUIGiftBagPanel	introduce	#
42	4	AdvertSummary	#	#	#	set:common.json image:chb_0_select	tab.ads	GUIAdvertSummaryPanel	introduce	#
43	2	LuckyLottery	#	2024,6,17,08,00,00	2024,7,21,23,59,59	set:common.json image:chb_0_select	tab.lucky.draw	GUILuckyLotteryPanel	introduce	set:lucky_lottery_5.json image:img_summer_wand_gift
44	3	GiftBag	#	2024,6,17,08,00,00	2024,6,27,23,59,59	set:common.json image:chb_0_select	tab.gift	GUIGiftBagPanel	introduce	#
45	2	LuckyLottery	#	2024,7,4,08,00,00	2024,7,18,23,59,59	set:common.json image:chb_0_select	tab.lucky.draw	GUILuckyLotteryPanel	introduce	set:lucky_lottery_5.json image:img_gatlin_summer_gift
46	3	GiftBag	#	2024,7,8,08,00,00	2024,7,18,23,59,59	set:common.json image:chb_0_select	tab.gift	GUIGiftBagPanel	introduce	#
47	2	LuckyLottery	#	2024,7,15,08,00,00	2024,8,15,23,59,59	set:common.json image:chb_0_select	tab.lucky.draw	GUILuckyLotteryPanel	introduce	set:lucky_lottery_5.json image:img_jormungandr_gift
48	3	GiftBag	#	2024,7,24,08,00,00	2024,8,1,23,59,59	set:common.json image:chb_0_select	tab.gift	GUIGiftBagPanel	introduce	#
49	1	LuckyLottery	#	2024,7,15,08,00,00	2024,9,13,23,59,59	set:common.json image:chb_0_select	tab.lucky.draw	GUILuckyLotteryPanel	introduce	set:lucky_lottery_6.json image:img_thor_gift
50	3	GiftBag	#	2024,8,12,08,00,00	2024,8,22,23,59,59	set:common.json image:chb_0_select	tab.gift	GUIGiftBagPanel	introduce	#
51	3	GiftBag	#	2024,8,22,08,00,00	2024,8,29,23,59,59	set:common.json image:chb_0_select	tab.gift	GUIGiftBagPanel	introduce	#
1001	999	MakeWish	MakeWishComponent	2023,12,3,00,00,00	2024,1,25,23,59,59	#	#	#	gui.makewish.xmas.introduce	#
1002	999	MakeWish	MakeWishComponent	2023,12,3,00,00,00	2024,4,11,23,59,59	#	#	#	gui.makewish.xmas.introduce	#
1003	999	MakeWish	MakeWishComponent	2023,12,3,00,00,00	2024,10,10,23,59,59	#	activity_title_1003	#	gui.makewish.summer.introduce	#
1004	999	GlobalLottery	GlobalLotteryComponent	2023,12,3,00,00,00	2024,10,10,23,59,59	#	activity_title_1004	#	gui.global.lottery.desc	#
1005	999	MakeWish	MakeWishComponent	2023,12,3,00,00,00	2024,10,10,23,59,59	#	activity_title_1005	#	gui.makewish.summer.introduce	#
1006	999	GlobalLottery	GlobalLotteryComponent	2023,12,3,00,00,00	2024,10,10,23,59,59	#	activity_title_1006	#	gui.global.lottery.desc.2	#
1007	999	MakeWish	MakeWishComponent	2023,12,3,00,00,00	2024,10,10,23,59,59	#	activity_title_1007	#	gui.makewish.summer.introduce	#
1008	999	GlobalLottery	GlobalLotteryComponent	2023,12,3,00,00,00	2024,10,10,23,59,59	#	activity_title_1008	#	gui.global.lottery.desc.3	#
2001	999	OptionalLottery	#	#	#	#	#	#	1=1&2=7&3=1&4=2&5=1	#
