池子id	图片	池子名字	开始时间	结束时间	排序
poolId	icon	name	startDate	endDate	sort
1	set:lottery_cover_pass_1.json image:img_cover_s1	pool_name_normal	2023,1,1,08,00,00	2023,1,1,09,00,00	101
201	set:lottery_cover_event.json image:img_cover_halloween	pool_name_halloween	2023,10,10,08,00,00	2023,11,10,23,59,59	201
202	set:lottery_cover_event.json image:img_cover_aquaman	pool_name_aquaman	2023,7,3,00,00,01	2024,7,4,23,59,59	202
203	set:lottery_cover_event.json image:img_cover_zeus	pool_name_zeus	2024,7,4,00,00,01	2024,7,25,23,59,59	203
204	set:lottery_cover_event.json image:img_cover_hades	pool_name_hades	2024,8,7,00,00,01	2024,8,25,23,59,59	204
205	set:lottery_cover_event.json image:img_cover_ares	pool_name_ares	2023,12,3,08,00,00	2024,1,4,23,59,59	205
206	set:lottery_cover_event.json image:img_cover_apollo	pool_name_apollo	2024,1,30,08,00,00	2024,2,29,23,59,59	206
207	set:lottery_cover_event.json image:img_cover_fenrir	pool_name_fenrir	2024,4,10,08,00,00	2024,5,12,23,59,59	207
208	set:lottery_cover_event.json image:img_cover_valkyrie	pool_name_valkyrie	2024,5,28,08,00,00	2024,6,30,23,59,59	208
209	set:lottery_cover_event.json image:img_cover_jormungandr	pool_name_jormungandr	2024,7,15,08,00,00	2024,8,15,23,59,59	209
210	set:lottery_cover_event_2.json image:img_cover_thor	pool_name_thor	2024,7,15,08,00,00	2024,9,13,23,59,59	210
301	set:lottery_cover_pass_1.json image:img_cover_s1	pool_name_s1	2024,1,12,00,00,01	2024,1,25,23,59,59	301
302	set:lottery_cover_pass_1.json image:img_cover_s2	pool_name_s2	2024,1,26,00,00,01	2024,2,8,23,59,59	302
303	set:lottery_cover_pass_1.json image:img_cover_s3	pool_name_s3	2024,2,9,00,00,01	2024,2,22,23,59,59	303
304	set:lottery_cover_pass_1.json image:img_cover_s4	pool_name_s4	2024,2,23,00,00,01	2024,3,7,23,59,59	304
305	set:lottery_cover_pass_1.json image:img_cover_s5	pool_name_s5	2024,3,8,00,00,01	2024,3,21,23,59,59	305
306	set:lottery_cover_pass_1.json image:img_cover_s6	pool_name_s6	2024,3,22,00,00,01	2024,4,4,23,59,59	306
307	set:lottery_cover_pass_1.json image:img_cover_s7	pool_name_s7	2024,4,5,00,00,01	2024,4,18,23,59,59	307
308	set:lottery_cover_pass_1.json image:img_cover_s8	pool_name_s8	2024,4,19,00,00,01	2024,5,2,23,59,59	308
309	set:lottery_cover_pass_1.json image:img_cover_s9	pool_name_s9	2024,5,3,00,00,01	2024,5,16,23,59,59	309
310	set:lottery_cover_pass_2.json image:img_cover_s10	pool_name_s10	2024,5,17,00,00,01	2024,5,30,23,59,59	310
311	set:lottery_cover_pass_2.json image:img_cover_s11	pool_name_s11	2024,5,31,00,00,01	2024,6,13,23,59,59	311
312	set:lottery_cover_pass_2.json image:img_cover_s12	pool_name_s12	2024,6,14,00,00,01	2024,6,27,23,59,59	312
313	set:lottery_cover_pass_2.json image:img_cover_s13	pool_name_s13	2024,6,28,00,00,01	2024,7,11,23,59,59	313
314	set:lottery_cover_pass_2.json image:img_cover_s14	pool_name_s14	2024,7,12,00,00,01	2024,7,25,23,59,59	314
315	set:lottery_cover_pass_2.json image:img_cover_s15	pool_name_s15	2024,7,26,00,00,01	2024,8,8,23,59,59	315
316	set:lottery_cover_pass_2.json image:img_cover_s16	pool_name_s16	2024,8,9,00,00,01	2024,8,22,23,59,59	316
317	set:lottery_cover_pass_2.json image:img_cover_s17	pool_name_s17	2024,8,23,00,00,01	2024,9,5,23,59,59	317
318	set:lottery_cover_pass_2.json image:img_cover_s18	pool_name_s18	2024,9,6,00,00,01	2024,9,19,23,59,59	318
319	set:lottery_cover_pass_3.json image:img_cover_s19	pool_name_s19	2024,9,20,00,00,01	2024,10,3,23,59,59	319
320	set:lottery_cover_pass_3.json image:img_cover_s20	pool_name_s20	2024,10,4,00,00,01	2024,10,17,23,59,59	320
