{
  "crystal": {
    "id": 100001,
    "name": "month.card.crystal.name",
    "image": "set:activity_month_card.json image:img_0_card",
    "backImg": "set:activity_month_card.json image:img_0_monthly_card",
    "introduce": "month.card.crystal.desc",
    "effectTag": "g1048_piggybank_idle.effect",
    "returnText": "900%",
    "price": 298,
    "rewardId": 15001,
    "getNowCount": 300,
    "dailyCount": 60,
    "days": 30
  },
  "crystal.small": {
    "id": 100002,
    "name": "month.card.crystal_1.name",
    "image": "set:activity_month_card.json image:img_1_card",
    "backImg": "set:activity_month_card.json image:img_1_monthly_card",
    "introduce": "month.card.crystal_1.desc",
    "returnText": "700%",
    "price": 58,
    "rewardId": 15001,
    "getNowCount": 60,
    "dailyCount": 12,
    "days": 30
  },
  "stone": {
    "id": 100003,
    "name": "month.card.stone.name",
    "image": "set:activity_month_card_energy.json image:img_0_energy_card2",
    "backImg": "set:activity_month_card_energy.json image:img_0_monthly_card3",
    "introduce": "month.card.stone.desc",
    "returnText": "1800%",
    "price": 899,
    "rewardId": 41411,
    "getNowCount": 270,
    "dailyCount": 45,
    "days": 30
  },
  "stone.small": {
    "id": 100004,
    "name": "month.card.stone_1.name",
    "image": "set:activity_month_card_energy.json image:img_0_energy_card1",
    "backImg": "set:activity_month_card_energy.json image:img_0_monthly_card2",
    "introduce": "month.card.stone_1.desc",
    "returnText": "1400%",
    "price": 298,
    "rewardId": 41411,
    "getNowCount": 60,
    "dailyCount": 12,
    "days": 30
  }
}