唯一Id	活动Id	次数	随机能量池Id	价格类型	价格	提示语
uniqueId	activityId	times	energyPid	priceType	price	hint
200101	2001	1	1	5	0	optional_lottery_draw_free
200102	2001	2	1	5	20	optional_lottery_draw_crystal_1
200103	2001	3	1	5	20	optional_lottery_draw_crystal_2
200104	2001	4	2	1	20	optional_lottery_draw_gcube
200105	2001	5	2	1	20	optional_lottery_draw_gcube
200106	2001	6	2	1	20	optional_lottery_draw_gcube
200107	2001	7	3	1	20	optional_lottery_draw_gcube
200108	2001	8	3	1	20	optional_lottery_draw_gcube
200109	2001	9	3	1	20	optional_lottery_draw_gcube
200110	2001	10	4	1	20	optional_lottery_draw_gcube
200111	2001	11	4	1	20	optional_lottery_draw_gcube
200112	2001	12	4	1	20	optional_lottery_draw_gcube
