唯一ID	类型	条件	不满足执行任务	任务参数
id	type	condition	doTask	extra
1	CheckInventoryItem	1421#0#1#gui_go_shop_buy_item	OpenUI	GUICommonShop#2#g1048_custom_blueprint_shop.name
2	CheckInventoryItem	1421#0#1#gui_go_shop_buy_item	OpenUI	GUICommonShop#2#g1048_custom_blueprint_shop.name
3	CheckUnlockNpc	90	UnlockNpc	g1048_mine_teleportdoor_lava#10000
4	CheckUnlockNpc	92	UnlockNpc	g1048_mine_teleportdoor_samurai#50000
5	CheckUnlockNpc	94	UnlockNpc	g1048_mine_teleportdoor_dragon#300000
6	CheckUnlockNpc	95	UnlockNpc	g1048_mine_teleportdoor_warden#300000
