道具Id	标签	放置模型	模型动作	位置偏移	缩放	部位名1	部位名2
itemId	tag	actorName	actorSkill	offsetPos	scale	masterName	slaveName
3943	small	#	idle	0,0,0	1	fish	fish_01
3944	small	#	idle	0,0,0	1	fish	fish_02
3945	small	#	idle	0,0,0	1	fish	fish_03
3946	small	#	idle	0,0,0	1	fish	fish_04
3947	small	#	idle	0,0,0	1	fish	fish_05
3948	small	#	idle	0,0,0	1	fish	fish_06
3949	small	#	idle	0,0,0	1	fish	fish_07
3950	small	#	idle	0,0,0	1	fish	fish_08
3951	small	#	idle	0,0,0	1	fish	fish_09
3952	small	#	idle	0,0,0	1	fish	fish_10
3953	small	#	idle	0,0,0	1	fish	fish_11
3954	small	#	idle	0,0,0	1	fish	fish_12
3955	small	#	idle	0,0,0	1	fish	fish_13
3956	small	#	idle	0,0,0	1	fish	fish_14
3957	small	#	idle	0,0,0	1	fish	fish_15
3958	small	#	idle	0,0,0	1	fish	fish_16
3959	small	#	idle	0,0,0	1	fish	fish_17
3960	small	#	idle	0,0,0	1	fish	fish_18
3961	small	#	idle	0,0,0	1	fish	fish_19
3962	small	#	idle	0,0,0	1	fish	fish_20
3963	big	#	idle	0,0,0	1	fish	fish_21
3964	big	#	idle	0,0,0	1	fish	fish_22
3965	big	#	idle	0,0,0	1	fish	fish_23
3966	big	#	idle	0,0,0	1	fish	fish_24
3967	big	#	idle	0,0,0	1	fish	fish_25
3968	big	#	idle	0,0,0	1	fish	fish_26
3969	big	#	idle	0,0,0	1	fish	fish_27
3970	big	#	idle	0,0,0	1	fish	fish_28
