道具Id	放置模型	模型动作	附着发光方块	交互组件	交互参数
itemId	actorName	actorSkill	lightBlock	component	params
2833	g1048_decorate_001.actor	#	0	#	#
2834	g1048_decorate_002.actor	#	0	#	#
2835	g1048_decorate_003.actor	#	0	#	#
2836	g1048_decorate_004.actor	#	0	#	#
2837	g1048_decorate_005.actor	#	0	#	#
2838	g1048_decorate_006.actor	#	0	#	#
2839	g1048_decorate_007.actor	#	0	#	#
2840	g1048_decorate_008.actor	#	0	#	#
2841	g1048_decorate_009.actor	#	0	#	#
2842	g1048_decorate_010.actor	#	0	#	#
2843	g1048_decorate_011.actor	#	0	#	#
2844	g1048_decorate_012.actor	#	0	#	#
2845	g1048_decorate_013.actor	#	0	#	#
2801	g1048_christmas_tree.actor	#	0	#	#
2810	g1048_fountain_red_low.actor	#	1363	#	#
2811	g1048_fountain_green_low.actor	#	1362	#	#
2812	g1048_fountain_blue_low.actor	#	1361	#	#
2813	g1048_fountain_cyan_low.actor	#	1366	#	#
2814	g1048_fountain_purple_low.actor	#	1365	#	#
2815	g1048_fountain_yellow_low.actor	#	1364	#	#
2816	g1048_fountain_colourless_low.actor	#	1360	#	#
2817	g1048_fountain_red_middle.actor	#	1363	#	#
2818	g1048_fountain_green_middle.actor	#	1362	#	#
2819	g1048_fountain_blue_middle.actor	#	1361	#	#
2820	g1048_fountain_cyan_middle.actor	#	1366	#	#
2821	g1048_fountain_purple_middle.actor	#	1365	#	#
2822	g1048_fountain_yellow_middle.actor	#	1364	#	#
2823	g1048_fountain_colourless_middle.actor	#	1360	#	#
2824	g1048_fountain_red_high.actor	#	1363	#	#
2825	g1048_fountain_green_high.actor	#	1362	#	#
2826	g1048_fountain_blue_high.actor	#	1361	#	#
2827	g1048_fountain_cyan_high.actor	#	1366	#	#
2828	g1048_fountain_purple_high.actor	#	1365	#	#
2829	g1048_fountain_yellow_high.actor	#	1364	#	#
2830	g1048_fountain_colourless_high.actor	#	1360	#	#
2846	g1048_item_paint_01.actor	#	0	#	#
2847	g1048_item_paint_02.actor	#	0	#	#
2848	g1048_item_paint_03.actor	#	0	#	#
2849	g1048_item_paint_04.actor	#	0	#	#
2850	g1048_item_paint_05.actor	#	0	#	#
2853	g1048_item_exit_01.actor	#	0	#	#
2854	g1048_item_exit_03.actor	#	0	#	#
2855	g1048_item_exit_02.actor	#	0	#	#
2856	g1048_item_sort_02.actor	#	0	#	#
2857	g1048_item_sort_01.actor	#	0	#	#
2858	g1048_item_sort_04.actor	#	0	#	#
2859	g1048_item_sort_05.actor	#	0	#	#
2860	g1048_item_sort_03.actor	#	0	#	#
2861	g1048_item_roadblock.actor	#	0	#	#
2862	g1048_item_discoball.actor	#	0	#	#
2851	g1048_item_duck.actor	#	0	#	#
2852	g1048_item_bonfire_01.actor	#	0	#	#
2894	g1048_item_boss_head_skull.actor	#	0	#	#
2895	g1048_item_boss_head_warden.actor	#	0	#	#
2896	g1048_item_boss_head_golem.actor	#	0	#	#
2897	g1048_item_bonfire_02.actor	#	0	#	#
2898	g1048_item_bonfire_03.actor	#	0	#	#
2899	g1048_item_bonfire_04.actor	#	0	#	#
2900	g1048_item_bonfire_05.actor	#	0	#	#
3665	g1048_item_paint_06.actor	#	0	#	#
3666	g1048_item_paint_07.actor	#	0	#	#
3667	g1048_item_paint_08.actor	#	0	#	#
3668	g1048_item_paint_09.actor	#	0	#	#
3669	g1048_item_paint_10.actor	#	0	#	#
3670	g1048_item_paint_11.actor	#	0	#	#
3671	g1048_item_paint_12.actor	#	0	#	#
3672	g1048_item_paint_13.actor	#	0	#	#
3673	g1048_item_paint_14.actor	#	0	#	#
3674	g1048_item_paint_15.actor	#	0	#	#
3605	g1048_item_hallow_skull.actor	#	0	#	#
3606	g1048_item_hallow_cat.actor	#	0	#	#
3607	g1048_item_hallow_spider.actor	#	0	#	#
3608	g1048_item_hallow_mouse.actor	#	0	#	#
3609	g1048_item_hallow_bat.actor	#	0	#	#
3610	g1048_item_hallow_lamp.actor	#	0	#	#
3611	g1048_item_hallow_coffln.actor	#	0	#	#
3612	g1048_item_hallow_ghost.actor	#	0	#	#
3613	g1048_item_hallow_tombstone01.actor	#	0	#	#
3614	g1048_item_hallow_tombstone02.actor	#	0	#	#
3615	g1048_item_hallow_tombstone03.actor	#	0	#	#
3616	g1048_item_hallow_tombstone04.actor	#	0	#	#
3617	g1048_item_hallow_pot.actor	#	0	#	#
3618	g1048_item_hallow_pumpkin01.actor	#	0	#	#
3619	g1048_item_hallow_pumpkin02.actor	#	0	#	#
3620	g1048_item_hallow_pumpkin03.actor	#	0	#	#
3621	g1048_item_hallow_hand.actor	#	0	#	#
3656	g1048_item_toy_01.actor	idle	0	#	#
3675	g2042_ice_bathroom_toilet.actor	#	0	#	#
3676	g2042_ice_bathroom_window.actor	#	0	#	#
3677	g2042_ice_kitchen_chair.actor	#	0	#	#
3678	g2042_ice_livingroom_carpet.actor	#	0	#	#
3679	g2042_ice_livingroom_clock.actor	#	0	#	#
3680	g2042_ice_livingroom_table.actor	#	0	#	#
3681	g1048_item_ice_pixelart_1.actor	#	0	#	#
3682	g1048_item_ice_pixelart_2.actor	#	0	#	#
3683	g1048_item_ice_pixelart_3.actor	#	0	#	#
3705	g1048_pass_tiger_carpet.actor	#	0	#	#
3715	g1048_item_christmas_candle_1.actor	#	0	#	#
3716	g1048_item_christmas_candle_2.actor	#	0	#	#
3717	g1048_item_christmas_candycane.actor	#	0	#	#
3718	g1048_item_christmas_door.actor	#	0	#	#
3719	g1048_item_christmas_giftbox.actor	#	0	#	#
3720	g1048_item_christmas_gnome_1.actor	#	0	#	#
3721	g1048_item_christmas_gnome_2.actor	#	0	#	#
3722	g1048_item_christmas_sled.actor	#	0	#	#
3723	g1048_item_christmas_tree_1.actor	#	0	#	#
3724	g1048_item_christmas_tree_2.actor	#	0	#	#
3725	g1048_item_christmas_billboard.actor	#	0	#	#
3740	g1048_pass_zodiac_fountain.actor	#	0	#	#
3754	g1048_pass_angel_photo_board.actor	#	0	#	#
3770	g1048_forest_jewelry_green.actor	#	0	#	#
3776	g1048_item_fools_egg_01.actor	idle	0	#	#
3777	g1048_item_fools_egg_02.actor	idle	0	#	#
3778	g1048_item_fools_egg_03.actor	idle	0	#	#
3779	g1048_item_fools_egg_04.actor	idle	0	#	#
3780	g1048_item_fools_egg_05.actor	idle	0	#	#
3796	g1048_pass_flame_decorate_1.actor	idle	0	#	#
3826	g1048_pass_shadow_decorate.actor	idle	0	#	#
3845	g1048_pass_paladin_decorate.actor	idle	0	#	#
3873	g1048_pass_aerospace_decorate.actor	idle	0	#	#
3888	g1048_pass_steampunk_decorate.actor	#	0	#	#
3901	g1048_Lotterybox.actor	idle	0	CustomLottery	#
3914	g1048_pass_egypt_decorate.actor	#	0	#	#
3942	g1048_pass_vampire_decorate.actor	idle	0	#	#
1272	g1048_pass_warrior_decorate.actor	idle	0	#	#
1279	g1048_fish_tank_small.actor	idle	0	Exhibits	small#gui.exhibits.tips
1280	g1048_fish_tank_big.actor	idle	0	Exhibits	big#gui.exhibits.tips
1281	g1048_portal_blue.actor	idle	0	TeleportDoor	blue
1282	g1048_portal_yellow.actor	idle	0	TeleportDoor	yellow
1283	g1048_npc_chest_manager.actor	idle	0	ChestList	#
1304	g1048_pass_freeze_decorate.actor	idle	0	#	#
1351	g1048_pass_cthulhu_decorate.actor	idle	0	#	#
1386	g1048_pass_blackrose_decorate.actor	idle	0	#	#
1406	g1048_pass_ramadan_decorate.actor	idle	0	#	#
1412	g1048_item_ramadan_lantern_1.actor	idle	1361	#	#
1413	g1048_item_ramadan_lantern_2.actor	idle	1365	#	#
1414	g1048_item_ramadan_lantern_3.actor	idle	1362	#	#
1415	g1048_item_ramadan_window_1.actor	idle	0	#	#
1416	g1048_item_ramadan_window_2.actor	idle	0	#	#
1417	g1048_item_ramadan_window_3.actor	idle	0	#	#
1448	g1048_pass_elf_decorate.actor	idle	0	#	#
1461	g1048_pass_shark_decorate.actor	idle	0	#	#
1482	g1048_pass_cloud_decorate.actor	idle	0	#	#
1506	g1048_summer_decorate_mussel.actor	idle	0	#	#
1507	g1048_summer_decorate_anchor.actor	idle	0	#	#
1508	g1048_summer_decorate_umbrella_1.actor	idle	0	#	#
1509	g1048_summer_decorate_umbrella_2.actor	idle	0	#	#
1510	g1048_summer_decorate_umbrella_3.actor	idle	0	#	#
1511	g1048_summer_decorate_coral_1.actor	idle	0	#	#
1512	g1048_summer_decorate_coral_2.actor	idle	0	#	#
1513	g1048_summer_decorate_coral_3.actor	idle	0	#	#
1543	g1048_pass_raven_decorate.actor	idle	0	#	#
1566	g1048_pass_beetle_decorate.actor	idle	0	#	#
