排序	排行榜按钮图片	排行榜Key（#号分隔）	标题
Index	Icon	Key	Title
1	set:rank.json image:img_0_popular	g1048_thumbsUpWeek#g1048_thumbsUp	g1048_like_name
2	set:rank.json image:img_0_stockpile	g1048_propCollect	g1048_propCollect_name
3	set:rank.json image:img_0_points	g1048_islandExp	g1048_islandExp_name
4	set:rank.json image:img_0_collector	g1048_valuables	g1048_valuables_name
5	set:rank.json image:img_0_millionaire	g1048_moneyCoin#g1048_moneyChain	g1048_money_name
6	set:rank.json image:img_0_hit_man	g1048_pvpKill	g1048_pvpKill_name
7	set:rank.json image:img_0_monster_hunter	g1048_pveKill	g1048_pveKill_name
8	set:rank.json image:img_0_boss	g1048_bossHurt	g1048_bossHurt_name
