表索引	游戏类型	排名	奖励图标	奖励Id，多个#隔开	奖励数量，多个#隔开
index	gameType	rank	icon	rewardId	rewardCount
1	g1066	1	set:shopItem.json image:Purple_Diamond_Chest	41486#41485#41485#41485#41054#12001	1#4#4#4#120#80000
2	g1066	2	set:shopItem.json image:Green_Diamond_Chest	41486#41485#41485#41054#12001	1#3#3#100#60000
3	g1066	3	set:shopItem.json image:Hoop_Iron_Treasure_Chest	41486#41485#41485#41054#12001	1#3#3#80#40000
4	g1066	10	set:shopItem.json image:Hoop_Iron_Treasure_Chest	41485#41485#41054#12001	2#2#50#10000
5	g1066	999	set:shopItem.json image:Hoop_Iron_Treasure_Chest	41485#41485#41054#12001	1#1#30#5000