唯一Id	游戏类型	图标	大图片	遮罩图片	大图UI坐标	名字多语言	解锁条件	传送坐标(x,y,z,yaw)
id	gameType	icon	image	mask	uiPos	name	unlockFactor	teleportPos
1	g1049	set:quick_teleport_2.json image:area_mining_sml	set:quick_teleport_2.json image:area_mining	set:quick_teleport_2.json image:img_clounds	120#230	g1048_mine_map_mining	UnlockActor=0	84.5,51,93.5,280
2	g1049	set:quick_teleport_2.json image:area_lava_sml	set:quick_teleport_2.json image:area_lava	set:quick_teleport_2.json image:img_clounds	305#55	g1048_mine_map_lava	UnlockActor=90	130,53,-102.5,160
3	g1049	set:quick_teleport_2.json image:area_samurai_sml	set:quick_teleport_2.json image:area_samurai	set:quick_teleport_2.json image:img_clounds	440#230	g1048_mine_map_samurai	UnlockActor=92	271.5,53,-148.5,270
4	g1049	set:quick_teleport_2.json image:area_snow_sml	set:quick_teleport_2.json image:area_snow	set:quick_teleport_2.json image:img_clounds	710#55	g1048_mine_map_dragon	UnlockActor=94	325.5,71,9.5,0
5	g1049	set:quick_teleport_2.json image:area_relics_sml	set:quick_teleport_2.json image:area_relics	set:quick_teleport_2.json image:img_clounds	800#230	g1048_mine_map_warden	UnlockActor=95	286,78,-329,270
6	g1050	set:quick_teleport_4.json image:area_island_sml	set:quick_teleport_4.json image:area_island	set:quick_teleport_4.json image:img_clounds	120#230	g1048_mine_map_island	MakeWish=1003=0	-396,83,209,270
7	g1050	set:quick_teleport_4.json image:area_ship_sml	set:quick_teleport_4.json image:area_ship	set:quick_teleport_4.json image:img_clounds	305#55	g1048_mine_map_boat	MakeWish=1003=5000000	-402.54,83.62,226.27,0
8	g1050	set:quick_teleport_4.json image:area_seafloor_sml	set:quick_teleport_4.json image:area_seafloor	set:quick_teleport_4.json image:img_clounds	470#230	g1048_mine_map_seabed	MakeWish=1005=5000000	-408.5,95,522.5,53
9	g1050	set:quick_teleport_4.json image:area_poseidon_sml	set:quick_teleport_4.json image:area_poseidon	set:quick_teleport_4.json image:img_clounds	760#155	g1048_mine_map_temple	MakeWish=1007=5000000	-678,84,562,0
