天赋Id	天赋类型	天赋参数	天赋描述	天赋图标	坐标（x,y）	升级成就点	最大等级	父节点Id	父节点等级
id	type	values	desc	icon	position	achieve	maxLv	parentId	parentLv
1	2	29	#	set:rank.json image:img_0_battle	1,0	1	1	0	0
2	1	Attack#1	Starbuff_Attack	set:rank.json image:img_0_battle	0,1	1	3	1	1
3	1	Attack#1	Starbuff_Attack	set:rank.json image:img_0_battle	1,1	1	3	1	1
4	1	Attack#1	Starbuff_Attack	set:rank.json image:img_0_battle	2,1	1	3	1	1
5	1	Attack#1	Starbuff_Attack	set:rank.json image:img_0_battle	0,2	1	3	2	1
6	1	Attack#1	Starbuff_Attack	set:rank.json image:img_0_battle	1,2	1	3	3	1
7	1	Attack#1	Starbuff_Attack	set:rank.json image:img_0_battle	2,2	1	3	4	1
8	1	Attack#1	Starbuff_Attack	set:rank.json image:img_0_battle	0,3	1	3	5	1
9	1	Attack#1	Starbuff_Attack	set:rank.json image:img_0_battle	1,3	1	3	6	1
10	1	Attack#1	Starbuff_Attack	set:rank.json image:img_0_battle	2,3	1	3	7	1
11	1	Attack#1	Starbuff_Attack	set:rank.json image:img_0_battle	0,4	1	3	8	1
12	1	Attack#1	Starbuff_Attack	set:rank.json image:img_0_battle	1,4	1	3	9	1
13	1	Attack#1	Starbuff_Attack	set:rank.json image:img_0_battle	2,4	1	3	10	1
14	1	Attack#1	Starbuff_Attack	set:rank.json image:img_0_battle	5,0	1	1	0	0
15	1	Attack#1	Starbuff_Attack	set:rank.json image:img_0_battle	4,1	1	3	14	1
16	1	Attack#1	Starbuff_Attack	set:rank.json image:img_0_battle	5,1	1	3	14	1
17	1	Attack#1	Starbuff_Attack	set:rank.json image:img_0_battle	6,1	1	3	14	1
18	1	Attack#1	Starbuff_Attack	set:rank.json image:img_0_battle	4,2	1	3	15	1
19	1	Attack#1	Starbuff_Attack	set:rank.json image:img_0_battle	5,2	1	3	16	1
20	1	Attack#1	Starbuff_Attack	set:rank.json image:img_0_battle	6,2	1	3	17	1
21	1	Attack#1	Starbuff_Attack	set:rank.json image:img_0_battle	4,3	1	3	18	1
22	1	Attack#1	Starbuff_Attack	set:rank.json image:img_0_battle	5,3	1	3	19	1
23	1	Attack#1	Starbuff_Attack	set:rank.json image:img_0_battle	6,3	1	3	20	1
24	1	Attack#1	Starbuff_Attack	set:rank.json image:img_0_battle	4,4	1	3	21	1
25	1	Attack#1	Starbuff_Attack	set:rank.json image:img_0_battle	5,4	1	3	22	1
26	1	Attack#1	Starbuff_Attack	set:rank.json image:img_0_battle	6,4	1	3	23	1
27	1	Attack#1	Starbuff_Attack	set:rank.json image:img_0_battle	9,0	1	1	0	0
28	1	Attack#1	Starbuff_Attack	set:rank.json image:img_0_battle	8,1	1	3	27	1
29	1	Attack#1	Starbuff_Attack	set:rank.json image:img_0_battle	9,1	1	3	27	1
30	1	Attack#1	Starbuff_Attack	set:rank.json image:img_0_battle	10,1	3	3	27	1
31	1	Attack#1	Starbuff_Attack	set:rank.json image:img_0_battle	8,2	1	3	28	1
32	1	Attack#1	Starbuff_Attack	set:rank.json image:img_0_battle	9,2	1	3	29	1
33	1	Attack#1	Starbuff_Attack	set:rank.json image:img_0_battle	10,2	1	3	30	1
34	1	Attack#1	Starbuff_Attack	set:rank.json image:img_0_battle	8,3	1	3	31	1
35	1	Attack#1	Starbuff_Attack	set:rank.json image:img_0_battle	9,3	1	3	32	1
36	1	Attack#1	Starbuff_Attack	set:rank.json image:img_0_battle	10,3	1	3	33	1
37	1	Attack#1	Starbuff_Attack	set:rank.json image:img_0_battle	8,4	1	3	34	1
38	1	Attack#1	Starbuff_Attack	set:rank.json image:img_0_battle	9,4	1	3	35	1
39	1	Attack#1	Starbuff_Attack	set:rank.json image:img_0_battle	10,4	1	3	36	1
