BuffId	Buff类型	Buff组，相同互斥，只存在一种(0不互斥)	Buff触发器Id	触发器时效	Buff自定义值	图标	显示信息
id	type	group	triggerId	triggerTime	values	icon	displayText
1	AttrBuff	0	1	-1	Crit#10	set:emoji.json image:img_0_phiz_angry	暴击+{1}%
2	AttrBuff	0	1	-1	MoveSpeed#500	set:emoji.json image:img_0_phiz_cry	移速+{1}%
3	AttrBuff	0	1	-1	Attack#10	set:emoji.json image:img_0_phiz_darkcircles	攻击+{1}
4	AttrBuff	0	1	-1	Defense#10	set:emoji.json image:img_0_phiz_daze	防御+{1}
5	AttrBuff	0	1	-1	RealDamage#10	set:emoji.json image:img_0_phiz_funny	真实伤害+{1}%
6	AttrBuff	0	1	-1	DamageReduce#10	set:emoji.json image:img_0_phiz_good	免伤+{1}%
7	AttrBuff	0	1	-1	DamageAddition#10	set:emoji.json image:img_0_phiz_gosh	增伤+{1}%
8	AttrBuff	0	1	-1	DamageRebound#10	set:emoji.json image:img_0_phiz_hello	反伤+{1}%
9	AttrBuff	0	1	-1	MaxHealth#10	set:emoji.json image:img_0_phiz_love	最大血量+{1}
10	AttrBuff	0	1	-1	KnockBack#1	set:emoji.json image:img_0_phiz_nosebleed	击退+{1}
11	AttrBuff	0	1	-1	SwordDamage#10	set:emoji.json image:img_0_phiz_shutup	剑伤害+{1}
12	AttrBuff	0	1	-1	BowDamage#10	set:emoji.json image:img_0_phiz_shy	弓伤害+{1}
13	AttrBuff	0	1	-1	SuckBlood#10	set:emoji.json image:img_0_phiz_speechless	吸血+{1}%
14	AttrBuff	0	1	-1	BlockDoubleDrop#10	set:emoji.json image:img_0_phiz_surprised	矿区方块双倍掉落+{1}%
15	FireBuff	0	5	-1	5	#	燃烧5秒钟
16	AddHpBuff	0	5	-1	1#4#2#16	set:emoji.json image:img_0_phiz_threwup	每4秒回2血，持续16秒
17	AddHpBuff	0	5	-1	2#4#0.1#16	set:emoji.json image:img_0_phiz_angry	每4秒回10%血，持续16秒
18	NormalAttackBuff	0	501	-1	#	#	攻击100%生效
19	ExplodeBuff	0	10	-1	1.8#5#43	#	血量低于30%生效
20	SnowballAttackBuff	0	503	-1	12#5#500#2#5	g1048_monster_iceslime_rotate.effect#1000#2	攻击50%生效
21	ExplodeSplitBuff	0	10	-1	1.8#12#43#4033,4033	#	血量低于30%生效
22	GroupAttackBuff	0	501	-1	12#g1048_monster_iceslime_attack.effect#1000#2	#	攻击100%生效
23	PoisonBuff	0	5	-1	1#4#2#16	#	攻击100%生效
24	InjuredBuff	0	507	-1	1#5#g1048_debuff_bright.effect#1#g1048_debuff_bright_ui.effect#1	set:game_items_hd_pass_2.json image:g1048_suit_forest_head	攻击10%生效
25	FoodLevelBuff	0	1	0	5	#	增加5饱食度
26	FoodLevelBuff	0	1	0	8	#	增加8饱食度
27	FoodLevelBuff	0	1	0	4	#	增加4饱食度
28	AddHpMomentBuff	0	1	0	2	#	立刻回2点血
29	SummonAiderBuff	0	501	-1	1#30	#	攻击时100%召唤一个男主角来为你战斗
30	KillStreakBuff	0	401	-1	3#10#28#30	#	连续击杀3名玩家时（击杀间隔10秒），触发buffId=28，加30个人分
31	KillStreakBuff	0	401	-1	8#99999#82073#50	#	连续击杀8名玩家时（击杀间隔99999秒），触发buffId=82073，加50个人分
32	ComboTriggerBuff	0	1	-1	33#34	#	Dev戒指
33	BanChatBuff	0	1	-1	#	#	管理员禁言
34	AttrBuff	0	1	-1	SuckBlood#5	#	吸血+5%
90011	FoodLevelBuff	0	1	0	2	#	food_satiety
90012	FoodLevelBuff	0	1	0	3	#	food_satiety
90013	FoodLevelBuff	0	1	0	5	#	food_satiety
90014	FoodLevelBuff	0	1	0	2	#	food_satiety_1
90015	FoodLevelBuff	0	1	0	3	#	food_satiety_1
90016	FoodLevelBuff	0	1	0	5	#	food_satiety_1
90021	AddHpMomentBuff	0	1	0	2	#	food_restorehp
90022	AddHpMomentBuff	0	1	0	3	#	food_restorehp
90023	AddHpMomentBuff	0	1	0	5	#	food_restorehp
90031	TempAttrBuff	0	1	0	MaxHealth#8#60	#	Starbuff_MaxHealth
90032	TempAttrBuff	0	1	0	MaxHealth#12#60	#	Starbuff_MaxHealth
90033	TempAttrBuff	0	1	0	MaxHealth#20#60	#	Starbuff_MaxHealth
90041	TempAttrBuff	0	1	0	Attack#1#60	#	Starbuff_Attack
90042	TempAttrBuff	0	1	0	Attack#2#60	#	Starbuff_Attack
90043	TempAttrBuff	0	1	0	Attack#4#60	#	Starbuff_Attack
90051	TempAttrBuff	0	1	0	Crit#5#60	#	Starbuff_Crit
90052	TempAttrBuff	0	1	0	Crit#8#60	#	Starbuff_Crit
90053	TempAttrBuff	0	1	0	Crit#12#60	#	Starbuff_Crit
90061	TempAttrBuff	0	1	0	CritDamage#8#60	#	Starbuff_CritDamage
90062	TempAttrBuff	0	1	0	CritDamage#12#60	#	Starbuff_CritDamage
90063	TempAttrBuff	0	1	0	CritDamage#20#60	#	Starbuff_CritDamage
90071	TempAttrBuff	0	1	0	DamageAddition#6#60	#	Starbuff_DamageAddition
90072	TempAttrBuff	0	1	0	DamageAddition#9#60	#	Starbuff_DamageAddition
90073	TempAttrBuff	0	1	0	DamageAddition#15#60	#	Starbuff_DamageAddition
90081	TempAttrBuff	0	1	0	DamageReduce#3#60	#	Starbuff_DamageReduce
90082	TempAttrBuff	0	1	0	DamageReduce#5#60	#	Starbuff_DamageReduce
90083	TempAttrBuff	0	1	0	DamageReduce#8#60	#	Starbuff_DamageReduce
90091	TempAttrBuff	0	1	0	RealDamage#0.5#60	#	Starbuff_RealDamage
90092	TempAttrBuff	0	1	0	RealDamage#1#60	#	Starbuff_RealDamage
90093	TempAttrBuff	0	1	0	RealDamage#1.5#60	#	Starbuff_RealDamage
90101	TempAttrBuff	0	1	0	SuckBlood#3#60	#	Starbuff_SuckBlood
90102	TempAttrBuff	0	1	0	SuckBlood#5#60	#	Starbuff_SuckBlood
90103	TempAttrBuff	0	1	0	SuckBlood#8#60	#	Starbuff_SuckBlood
90111	TempAttrBuff	0	1	0	DamageRebound#4#60	#	Starbuff_DamageRebound
90112	TempAttrBuff	0	1	0	DamageRebound#8#60	#	Starbuff_DamageRebound
90113	TempAttrBuff	0	1	0	DamageRebound#12#60	#	Starbuff_DamageRebound
90121	TempAttrBuff	0	1	0	AutoBloodValue#1#60	#	Starbuff_AutoBloodValue
90122	TempAttrBuff	0	1	0	AutoBloodValue#2#60	#	Starbuff_AutoBloodValue
90123	TempAttrBuff	0	1	0	AutoBloodValue#4#60	#	Starbuff_AutoBloodValue
90131	TempAttrBuff	0	1	0	MoveSpeed#80#5	#	food_movespeed1
90132	TempAttrBuff	0	1	0	MoveSpeed#120#5	#	food_movespeed2
90133	TempAttrBuff	0	1	0	MoveSpeed#200#5	#	food_movespeed3
90141	StealthBuff	0	1	0	3#g1048_ink_skill.effect	#	food_stealth1
90142	StealthBuff	0	1	0	5#g1048_ink_skill.effect	#	food_stealth2
90143	StealthBuff	0	1	0	8#g1048_ink_skill.effect	#	food_stealth3
90151	TempAttrBuff	0	1	0	KnockBack#1#60	#	food_knockback
90152	TempAttrBuff	0	1	0	KnockBack#2#60	#	food_knockback
90153	TempAttrBuff	0	1	0	KnockBack#3#60	#	food_knockback
90161	InjuredBuff	0	511	60	1#2#g1048_corn_skill.effect#1#g1048_debuff_bright_ui.effect#0.6	#	food_injured1
90162	InjuredBuff	0	511	60	1#3#g1048_corn_skill.effect#1#g1048_debuff_bright_ui.effect#0.6	#	food_injured2
90163	InjuredBuff	0	511	60	1#5#g1048_corn_skill.effect#1#g1048_debuff_bright_ui.effect#0.6	#	food_injured3
90171	TempAttrBuff	0	1	0	AutoBloodValue#-1#60	#	food_selfdeduction1
90172	TempAttrBuff	0	1	0	AutoBloodValue#-2#60	#	food_selfdeduction2
90173	TempAttrBuff	0	1	0	AutoBloodValue#-4#60	#	food_selfdeduction3
81011	ComboTriggerBuff	999	1	60	90011#90031	set:game_items_hd_event_5.json image:g1048_food_grilled_fish	#
81012	ComboTriggerBuff	999	1	60	90011#90032	set:game_items_hd_event_5.json image:g1048_food_grilled_fish	#
81013	ComboTriggerBuff	999	1	60	90011#90033	set:game_items_hd_event_5.json image:g1048_food_grilled_fish	#
81021	ComboTriggerBuff	999	1	5	90014#90131	set:game_items_hd_event_5.json image:g1048_food_fries	#
81022	ComboTriggerBuff	999	1	5	90014#90132	set:game_items_hd_event_5.json image:g1048_food_fries	#
81023	ComboTriggerBuff	999	1	5	90014#90133	set:game_items_hd_event_5.json image:g1048_food_fries	#
81024	ComboTriggerBuff	999	1	5	90014#90132	set:game_items_hd_shop_2.json image:g1048_ramadan_food_1	#
81031	ComboTriggerBuff	999	1	60	90011#90161	set:game_items_hd_event_5.json image:g1048_food_grilled_corn	#
81032	ComboTriggerBuff	999	1	60	90011#90162	set:game_items_hd_event_5.json image:g1048_food_grilled_corn	#
81033	ComboTriggerBuff	999	1	60	90011#90163	set:game_items_hd_event_5.json image:g1048_food_grilled_corn	#
81034	ComboTriggerBuff	999	1	60	90011#90162	set:game_items_hd_shop_2.json image:g1048_ramadan_food_2	#
81041	ComboTriggerBuff	999	1	60	90011#90051	set:game_items_hd_event_5.json image:g1048_food_shrimp_balls	#
81042	ComboTriggerBuff	999	1	60	90011#90052	set:game_items_hd_event_5.json image:g1048_food_shrimp_balls	#
81043	ComboTriggerBuff	999	1	60	90011#90053	set:game_items_hd_event_5.json image:g1048_food_shrimp_balls	#
81051	ComboTriggerBuff	999	1	60	90011#90081	set:game_items_hd_event_5.json image:g1048_food_crab_claws	#
81052	ComboTriggerBuff	999	1	60	90011#90082	set:game_items_hd_event_5.json image:g1048_food_crab_claws	#
81053	ComboTriggerBuff	999	1	60	90011#90083	set:game_items_hd_event_5.json image:g1048_food_crab_claws	#
81061	ComboTriggerBuff	999	1	60	90012#90061	set:game_items_hd_event_5.json image:g1048_food_strawberry_milkshake	#
81062	ComboTriggerBuff	999	1	60	90012#90062	set:game_items_hd_event_5.json image:g1048_food_strawberry_milkshake	#
81063	ComboTriggerBuff	999	1	60	90012#90063	set:game_items_hd_event_5.json image:g1048_food_strawberry_milkshake	#
82011	ComboTriggerBuff	999	1	60	90012#90041#90121	set:game_items_hd_event_5.json image:g1048_food_tuna_taco	#
82012	ComboTriggerBuff	999	1	60	90012#90042#90122	set:game_items_hd_event_5.json image:g1048_food_tuna_taco	#
82013	ComboTriggerBuff	999	1	60	90012#90043#90123	set:game_items_hd_event_5.json image:g1048_food_tuna_taco	#
82021	ComboTriggerBuff	999	1	60	90012#90071#90021	set:game_items_hd_event_5.json image:g1048_food_tuna_sashimi	#
82022	ComboTriggerBuff	999	1	60	90012#90072#90022	set:game_items_hd_event_5.json image:g1048_food_tuna_sashimi	#
82023	ComboTriggerBuff	999	1	60	90012#90073#90023	set:game_items_hd_event_5.json image:g1048_food_tuna_sashimi	#
82031	ComboTriggerBuff	999	1	60	90012#90031#90151	set:game_items_hd_event_5.json image:g1048_food_octopus_soup	#
82032	ComboTriggerBuff	999	1	60	90012#90032#90152	set:game_items_hd_event_5.json image:g1048_food_octopus_soup	#
82033	ComboTriggerBuff	999	1	60	90012#90033#90153	set:game_items_hd_event_5.json image:g1048_food_octopus_soup	#
82041	ComboTriggerBuff	999	1	60	90012#90031#90111	set:game_items_hd_event_5.json image:g1048_food_vegetable_soup	#
82042	ComboTriggerBuff	999	1	60	90012#90032#90112	set:game_items_hd_event_5.json image:g1048_food_vegetable_soup	#
82043	ComboTriggerBuff	999	1	60	90012#90033#90113	set:game_items_hd_event_5.json image:g1048_food_vegetable_soup	#
82051	ComboTriggerBuff	999	1	60	90012#90031#90051	set:game_items_hd_event_5.json image:g1048_food_shrimp_dumplings	#
82052	ComboTriggerBuff	999	1	60	90012#90032#90052	set:game_items_hd_event_5.json image:g1048_food_shrimp_dumplings	#
82053	ComboTriggerBuff	999	1	60	90012#90033#90053	set:game_items_hd_event_5.json image:g1048_food_shrimp_dumplings	#
82061	ComboTriggerBuff	999	1	60	90012#90031#90081	set:game_items_hd_event_5.json image:g1048_food_golden_crab	#
82062	ComboTriggerBuff	999	1	60	90012#90032#90082	set:game_items_hd_event_5.json image:g1048_food_golden_crab	#
82063	ComboTriggerBuff	999	1	60	90012#90033#90083	set:game_items_hd_event_5.json image:g1048_food_golden_crab	#
82071	ComboTriggerBuff	999	1	60	90012#90171#90101	set:game_items_hd_event_5.json image:g1048_food_boiled_fish	#
82072	ComboTriggerBuff	999	1	60	90012#90172#90102	set:game_items_hd_event_5.json image:g1048_food_boiled_fish	#
82073	ComboTriggerBuff	999	1	60	90012#90173#90103	set:game_items_hd_event_5.json image:g1048_food_boiled_fish	#
82081	ComboTriggerBuff	999	1	3	90015#90021#90141	set:game_items_hd_event_5.json image:g1048_food_grilled_squid	#
82082	ComboTriggerBuff	999	1	5	90015#90022#90142	set:game_items_hd_event_5.json image:g1048_food_grilled_squid	#
82083	ComboTriggerBuff	999	1	8	90015#90023#90143	set:game_items_hd_event_5.json image:g1048_food_grilled_squid	#
82091	ComboTriggerBuff	999	1	60	90012#90061#90121	set:game_items_hd_event_5.json image:g1048_food_strawberry_cake	#
82092	ComboTriggerBuff	999	1	60	90012#90062#90122	set:game_items_hd_event_5.json image:g1048_food_strawberry_cake	#
82093	ComboTriggerBuff	999	1	60	90012#90063#90123	set:game_items_hd_event_5.json image:g1048_food_strawberry_cake	#
83011	ComboTriggerBuff	999	1	60	90013#90031#90081#90121	set:game_items_hd_event_5.json image:g1048_food_seafood_soup	#
83012	ComboTriggerBuff	999	1	60	90013#90032#90082#90122	set:game_items_hd_event_5.json image:g1048_food_seafood_soup	#
83013	ComboTriggerBuff	999	1	60	90013#90033#90083#90123	set:game_items_hd_event_5.json image:g1048_food_seafood_soup	#
83021	ComboTriggerBuff	999	1	60	90013#90041#90091#90031	set:game_items_hd_event_5.json image:g1048_food_seafood_pasta	#
83022	ComboTriggerBuff	999	1	60	90013#90042#90092#90032	set:game_items_hd_event_5.json image:g1048_food_seafood_pasta	#
83023	ComboTriggerBuff	999	1	60	90013#90043#90093#90033	set:game_items_hd_event_5.json image:g1048_food_seafood_pasta	#
83031	ComboTriggerBuff	999	1	60	90013#90051#90061#90071	set:game_items_hd_event_5.json image:g1048_food_sashimi_platter	#
83032	ComboTriggerBuff	999	1	60	90013#90052#90062#90072	set:game_items_hd_event_5.json image:g1048_food_sashimi_platter	#
83033	ComboTriggerBuff	999	1	60	90013#90053#90063#90073	set:game_items_hd_event_5.json image:g1048_food_sashimi_platter	#
101	AttrBuff	0	1	-1	Crit#25	set:game_items_hd_pass_1.json image:g1048_suit_wither_weapon	weapon_ability_101
102	TempAttrBuff	0	505	-1	MoveSpeed#200#3	set:game_items_hd_pass_1.json image:g1048_item_sword_2	weapon_ability_102
103	AddHpBuff	0	401	-1	1#4#4#12	set:game_items_hd_pass_1.json image:g1048_item_sword_1	weapon_ability_103
104	FireBuff	0	504	-1	3	set:game_items_hd_pass_1.json image:g1048_item_sunblade	weapon_ability_104
105	AttrBuff	0	1	-1	Crit#15	set:game_items_hd_pass_1.json image:g1048_item_moonblade	weapon_ability_105
106	ComboTriggerBuff	0	1	-1	10601#10602	#	#
10601	AttrBuff	0	1	-1	RealDamage#2	set:game_items_hd_event_1.json image:g1048_suit_dragon_weapon	weapon_ability_106
10602	AttrBuff	0	1	-1	Defense#1	#	#
107	TempAttrBuff	0	505	-1	Attack#8#8	set:game_items_hd_event_1.json image:g1048_item_chaossword	weapon_ability_107
108	AttrBuff	0	1	-1	SuckBlood#12	set:game_items_hd_shop_1.json image:g1048_item_sword_sickle	weapon_ability_108
109	AttrBuff	0	1	-1	MoveSpeed#100	set:game_items_hd_event_2.json image:g1048_item_skysword	weapon_ability_109
110	AttrBuff	0	1	-1	KnockBack#0.5	set:game_items_hd_event_2.json image:g1048_item_sword_broom	weapon_ability_110
111	AttrBuff	0	203	-1	RealDamage#4	set:game_items_hd_shop_1.json image:g1048_item_bow_halloween	weapon_ability_111
112	FireBuff	0	1701	-1	3	set:game_items_hd_pass_1.json image:g1048_item_nightmare_bow	weapon_ability_112
113	AttrBuff	0	1	-1	Crit#25	set:game_items_hd_pass_1.json image:g1048_item_nightmare_sword	weapon_ability_101
114	AttrBuff	0	1	-1	MoveSpeed#50	set:game_items_hd_event_2.json image:g1048_item_check_sword	weapon_ability_114
115	AttrBuff	0	1	-1	Crit#25	set:game_items_hd_pass_1.json image:g1048_item_whitewolf_gloves	weapon_ability_101
116	FireBuff	0	1701	-1	3	set:game_items_hd_pass_1.json image:g1048_item_whitewolf_bow	weapon_ability_112
117	TempAttrDeBuff	0	504	-1	MoveSpeed#-200#2	set:game_items_hd_pass_1.json image:g1048_item_whitewolf_sword	weapon_ability_117
118	TempAttrDeBuff	0	505	-1	MoveSpeed#-200#2	set:game_items_hd_pass_1.json image:g1048_item_whitewolf_sawsword	weapon_ability_118
119	AttrBuff	0	216	-1	Attack#12	set:game_items_hd_event_3.json image:g1048_suit_iceslimeking_weapon	weapon_ability_119
120	AttrBuff	0	1	-1	AutoBloodValue#5	set:game_items_hd_event_3.json image:g1048_item_christmas_sword_tree	weapon_ability_120
121	AttrBuff	0	1	-1	AutoBloodValue#2	set:game_items_hd_event_3.json image:g1048_item_christmas_sword_candy	weapon_ability_121
122	AttrBuff	0	1	-1	Crit#25	set:game_items_hd_pass_1.json image:g1048_zodiac_sword_taurus	weapon_ability_101
123	FireBuff	0	1701	-1	3	set:game_items_hd_pass_1.json image:g1048_zodiac_bow_sagittarius	weapon_ability_112
124	AttrBuff	0	1	-1	RealDamage#1	set:game_items_hd_pass_1.json image:g1048_zodiac_sword_aries	weapon_ability_124
125	FireBuff	0	504	-1	3	set:game_items_hd_pass_1.json image:g1048_zodiac_sword_scorpio	weapon_ability_104
126	AttrBuff	0	1	-1	Crit#25	set:game_items_hd_pass_2.json image:g1048_angel_sword	weapon_ability_101
127	FireBuff	0	1701	-1	3	set:game_items_hd_pass_2.json image:g1048_angel_bow	weapon_ability_112
128	AttrBuff	0	1	-1	Crit#15	set:game_items_hd_pass_2.json image:g1048_angel_sword_knife	weapon_ability_105
129	AttrBuff	0	216	-1	SuckBlood#6	set:game_items_hd_pass_2.json image:g1048_angel_sword_fork	weapon_ability_129
130	AttrBuff	0	801	-1	Crit#15	set:game_items_hd_event_3.json image:g1048_rose_sword	weapon_ability_130
131	TempAttrDeBuff	0	2401	-1	MoveSpeed#-150#2	set:game_items_hd_shop_1.json image:g1048_rose_wand	weapon_ability_131
132	AttrBuff	0	1	-1	Crit#25	set:game_items_hd_pass_2.json image:g1048_forest_sword	weapon_ability_101
133	FireBuff	0	1701	-1	3	set:game_items_hd_pass_2.json image:g1048_forest_bow	weapon_ability_112
134	PoisonBuff	0	505	-1	1#2#3#3	set:game_items_hd_pass_2.json image:g1048_forest_vinesword	weapon_ability_134
135	TempAttrDeBuff	0	505	-1	MoveSpeed#-200#2	set:game_items_hd_pass_2.json image:g1048_forest_flowersword	weapon_ability_118
136	AttrBuff	0	1	-1	BlockDoubleDrop#10	set:game_items.json image:g1048_april_foolsday_sword	weapon_ability_136
137	AttrBuff	0	1	-1	KnockBack#3	set:game_items.json image:g1048_fools_carrotIron	weapon_ability_137
138	AttrBuff	0	1	-1	Crit#25	set:game_items_hd_pass_2.json image:g1048_flame_sword	weapon_ability_101
139	FireBuff	0	1701	-1	3	set:game_items_hd_pass_2.json image:g1048_flame_bow	weapon_ability_112
140	FireBuff	0	504	-1	3	set:game_items_hd_pass_2.json image:g1048_flame_knife_1	weapon_ability_140
141	AttrBuff	0	205	-1	RealDamage#3	set:game_items_hd_pass_2.json image:g1048_flame_knife_2	weapon_ability_141
142	AttrBuff	0	205	-1	RealDamage#4	set:game_items.json image:g1048_suit_skullking_sword	weapon_ability_142
143	AttrBuff	0	1	-1	Crit#25	set:game_items_hd_pass_2.json image:g1048_shadow_sword_1	weapon_ability_101
144	FireBuff	0	1701	-1	3	set:game_items_hd_pass_2.json image:g1048_shadow_bow	weapon_ability_112
145	AttrBuff	0	1	-1	KnockBack#1	set:game_items_hd_pass_2.json image:g1048_shadow_sword_2	weapon_ability_143
146	AttrBuff	0	214	-1	MoveSpeed#120	set:game_items_hd_pass_2.json image:g1048_shadow_sword_3	weapon_ability_144
147	AttrBuff	0	203	-1	MoveSpeed#150	set:game_items_hd_event_1.json image:g1048_design_01	weapon_ability_147
148	AttrBuff	0	203	-1	MoveSpeed#150	set:game_items_hd_event_1.json image:g1048_design_02	weapon_ability_147
149	AttrBuff	0	203	-1	MoveSpeed#150	set:game_items_hd_event_1.json image:g1048_design_03	weapon_ability_147
150	AttrBuff	0	203	-1	MoveSpeed#150	set:game_items_hd_event_1.json image:g1048_design_04	weapon_ability_147
151	AttrBuff	0	1	-1	Crit#25	set:game_items_hd_pass_3.json image:g1048_paladin_sword_1	weapon_ability_101
152	FireBuff	0	1701	-1	3	set:game_items_hd_pass_3.json image:g1048_paladin_bow	weapon_ability_112
153	InjuredBuff	0	514	-1	1#15#g1048_debuff_bright.effect#1#g1048_debuff_bright_ui.effect#1	set:game_items_hd_pass_3.json image:g1048_paladin_sword_2	weapon_ability_153
154	AttrBuff	0	1	-1	Crit#15	set:game_items_hd_pass_3.json image:g1048_paladin_sword_3	weapon_ability_105
155	AttrBuff	0	1	-1	Crit#25	set:game_items_hd_shop_1.json image:g1048_suit_aquaman_sword	weapon_ability_101
156	AttrBuff	0	1	-1	Crit#25	set:game_items_hd_pass_3.json image:g1048_aerospace_sword_1	weapon_ability_101
157	FireBuff	0	1701	-1	3	set:game_items_hd_pass_3.json image:g1048_aerospace_bow	weapon_ability_112
158	TempAttrDeBuff	0	505	-1	MoveSpeed#-200#2	set:game_items_hd_pass_3.json image:g1048_aerospace_sword_2	weapon_ability_118
159	AttrBuff	0	205	-1	Defense#1.5	set:game_items_hd_pass_3.json image:g1048_aerospace_sword_3	weapon_ability_159
160	AttrBuff	0	1	-1	Crit#25	set:game_items_hd_pass_3.json image:g1048_steampunk_sword_1	weapon_ability_101
161	FireBuff	0	1701	-1	3	set:game_items_hd_pass_3.json image:g1048_steampunk_bow	weapon_ability_112
162	TempAttrBuff	0	505	-1	MoveSpeed#200#3	set:game_items_hd_pass_3.json image:g1048_steampunk_sword_2	weapon_ability_102
163	TempAttrDeBuff	0	511	-1	MoveSpeed#-500#1	set:game_items_hd_pass_3.json image:g1048_steampunk_sword_3	weapon_ability_163
164	WildBuff	0	1	-1	RealDamage#0.02#0.16	set:game_items_hd_shop_1.json image:g1048_suit_zeus_sword_1	weapon_ability_164
165	WildBuff	0	1	-1	RealDamage#0.02#0.16	set:game_items_hd_shop_1.json image:g1048_suit_zeus_sword_2	weapon_ability_164
166	AttrBuff	0	1	-1	Crit#25	set:game_items_hd_pass_3.json image:g1048_egypt_sword_1	weapon_ability_101
167	FireBuff	0	1701	-1	3	set:game_items_hd_pass_3.json image:g1048_egypt_bow	weapon_ability_112
168	AttrBuff	0	1	-1	Crit#15	set:game_items_hd_pass_3.json image:g1048_egypt_sword_2	weapon_ability_105
169	TempAttrBuff	0	505	-1	RealDamage#3#8	set:game_items_hd_pass_3.json image:g1048_egypt_sword_3	weapon_ability_169
170	AttrBuff	0	1	-1	Crit#25	set:game_items_hd_pass_4.json image:g1048_vampire_sword_1	weapon_ability_101
171	FireBuff	0	1701	-1	3	set:game_items_hd_pass_4.json image:g1048_vampire_bow	weapon_ability_112
172	AddHpMomentBuff	0	401	-1	0.3#g1048_vampire_regeneration.effect#2#2	set:game_items_hd_pass_4.json image:g1048_vampire_sword_2	weapon_ability_172
173	TempAttrBuff	0	1101	-1	SuckBlood#8#2	set:game_items_hd_pass_4.json image:g1048_vampire_sword_3	weapon_ability_173
174	ComboTriggerBuff	0	1	-1	176#178	#	#
175	ComboTriggerBuff	0	1	-1	177#178	#	#
176	AttrAddDamageBuff	0	1203	-1	MaxHealth#0.06#g1048_hades_weapon_skill.effect#0.25	set:game_items_hd_shop_1.json image:g1048_suit_hades_sword_1	weapon_ability_174
177	AttrAddDamageBuff	0	1203	-1	MaxHealth#0.06#g1048_hades_weapon_skill.effect#0.25	set:game_items_hd_shop_1.json image:g1048_suit_hades_sword_2	weapon_ability_174
178	AddHpMomentBuff	0	1203	-1	0.05#none#0#2	#	#
179	AttrBuff	0	1	-1	Crit#25	set:game_items_hd_pass_4.json image:g1048_warrior_sword_1	weapon_ability_101
180	FireBuff	0	1701	-1	3	set:game_items_hd_pass_4.json image:g1048_warrior_bow	weapon_ability_112
181	AttrBuff	0	1	-1	Crit#15	set:game_items_hd_pass_4.json image:g1048_warrior_sword_2	weapon_ability_105
182	InjuredBuff	0	1101	-1	1#1#g1048_warrior_weapon_skill.effect#0.5#g1048_debuff_bright_ui.effect#0.5	set:game_items_hd_pass_4.json image:g1048_warrior_sword_3	weapon_ability_182
183	BulletAttackBuff	0	1202	-1	g1048_skill_cross_flying_blade.effect#6#6#2#10	set:game_items_hd_shop_1.json image:g1048_cross_flying_blade	weapon_ability_183
184	ComboTriggerBuff	0	1	-1	186#188	#	#
185	ComboTriggerBuff	0	1	-1	187#188	#	#
186	TempAttrDeBuff	101	1213	-1	Defense#-3#5#g1048_debuff_armor_piercing.effect	set:game_items_hd_shop_1.json image:g1048_suit_ares_sword_1	weapon_ability_184
187	TempAttrDeBuff	101	1213	-1	Defense#-3#5#g1048_debuff_armor_piercing.effect	set:game_items_hd_shop_1.json image:g1048_suit_ares_sword_2	weapon_ability_184
188	AddHpMomentBuff	0	1203	-1	0.05#none#0#2	#	#
189	AttrBuff	0	1	-1	Crit#25	set:game_items_hd_pass_4.json image:g1048_freeze_sword_1	weapon_ability_101
190	FireBuff	0	1701	-1	3	set:game_items_hd_pass_4.json image:g1048_freeze_bow	weapon_ability_112
191	TempAttrDeBuff	0	504	-1	MoveSpeed#-200#2	set:game_items_hd_pass_4.json image:g1048_freeze_sword_2	weapon_ability_117
192	SummonAiderBuff	0	506	-1	102#3#1	set:game_items_hd_pass_4.json image:g1048_freeze_sword_3	weapon_ability_192
193	InjuredBuff	0	519	-1	1#10#g1048_christmas_sword_skill.effect#1#g1048_debuff_bright_ui.effect#1	set:game_items_hd_shop_1.json image:g1048_pixel_christmas_sword	weapon_ability_193
194	ChangeActorBuff	0	2402	-1	30#g1048_debuff_snowman.actor	set:game_items_hd_shop_1.json image:g1048_snowball_gun	weapon_ability_194
195	AttrBuff	0	1	-1	Crit#25	set:game_items_hd_pass_4.json image:g1048_cthulhu_sword_1	weapon_ability_101
196	FireBuff	0	1701	-1	3	set:game_items_hd_pass_4.json image:g1048_cthulhu_bow	weapon_ability_112
197	TempAttrDeBuff	0	505	-1	MoveSpeed#-200#2	set:game_items_hd_pass_4.json image:g1048_cthulhu_sword_2	weapon_ability_118
198	AddHpBuff	0	401	-1	1#4#6#12	set:game_items_hd_pass_4.json image:g1048_cthulhu_sword_3	weapon_ability_198
199	AttrBuff	0	1	-1	BlockDoubleDrop#10	set:game_items_hd_shop_2.json image:g1048_fool_wing_3	weapon_ability_136
200	AttrBuff	0	1	-1	KnockBack#3	set:game_items_hd_shop_2.json image:g1048_fool_punchsword	weapon_ability_137
1200	AttrBuff	0	1	-1	Crit#25	set:game_items_hd_pass_5.json image:g1048_blackrose_sword_1	weapon_ability_101
1201	FireBuff	0	1701	-1	3	set:game_items_hd_pass_5.json image:g1048_blackrose_bow	weapon_ability_112
1202	AttrBuff	0	1	-1	RealDamage#1	set:game_items_hd_pass_5.json image:g1048_blackrose_sword_2	weapon_ability_1202
1203	AttrBuff	0	214	-1	MoveSpeed#150	set:game_items_hd_pass_5.json image:g1048_blackrose_sword_3	weapon_ability_1203
1204	ComboTriggerBuff	0	1	-1	1206#1208	#	#
1205	ComboTriggerBuff	0	1	-1	1207#1208	#	#
1206	VertigoBuff	0	522	-1	0.8#g1048_apollo_weapon_skill.effect#g1048_debuff_bright_ui.effect#set:game_items_hd_shop_2.json image:g1048_vertigo	set:game_items_hd_shop_2.json image:g1048_suit_apollo_sword_1	weapon_ability_1204
1207	VertigoBuff	0	522	-1	0.8#g1048_apollo_weapon_skill.effect#g1048_debuff_bright_ui.effect#set:game_items_hd_shop_2.json image:g1048_vertigo	set:game_items_hd_shop_2.json image:g1048_suit_apollo_sword_2	weapon_ability_1204
1208	AttrBuff	0	1	-1	SuckBlood#6	#	#
1209	AttrBuff	0	1	-1	Crit#25	set:game_items_hd_pass_5.json image:g1048_ramadan_sword_1	weapon_ability_101
1210	FireBuff	0	1701	-1	3	set:game_items_hd_pass_5.json image:g1048_ramadan_bow	weapon_ability_112
1211	AddHpMomentBuff	0	401	-1	0.3#g1048_vampire_regeneration.effect#2#2	set:game_items_hd_pass_5.json image:g1048_ramadan_sword_2	weapon_ability_172
1212	AttrBuff	0	1	-1	KnockBack#1	set:game_items_hd_pass_5.json image:g1048_ramadan_sword_3	weapon_ability_143
1213	TempAttrBuff	0	1203	-1	Attack#8#3	set:game_items_hd_shop_2.json image:g1048_item_wish_ramadan_sword	weapon_ability_1213
1214	AutoDamageBuff	0	1203	-1	10#1.2#3.75#5#1215#5#g1048_ramadan_skill_scythe.effect#none#g1048_debuff_grievous_wounds_ui.effect	set:game_items_hd_shop_2.json image:g1048_item_sword_ramadan_sickle	weapon_ability_1214
1215	AddHpMomentBuff	0	1	0	3	#	#
1216	ChangeActorBuff	0	2402	-1	30#g1048_debuff_noobstar.actor	set:game_items_hd_shop_2.json image:g1048_item_wish_ramadan_gun	#
1217	ComboTriggerBuff	0	1	-1	1219#1221	#	#
1218	ComboTriggerBuff	0	1	-1	1220#1221	#	#
1219	AutoDamageBuff	0	1203	-1	6#1#4.5#8#0#0#g1048_fenrir_weapon_skill_explode.effect#g1048_fenrir_weapon_skill_hit.effect	set:game_items_hd_shop_2.json image:g1048_suit_fenrir_sword_1	weapon_ability_1219
1220	AutoDamageBuff	0	1203	-1	6#1#4.5#8#0#0#g1048_fenrir_weapon_skill_explode.effect#g1048_fenrir_weapon_skill_hit.effect	set:game_items_hd_shop_2.json image:g1048_suit_fenrir_sword_2	weapon_ability_1219
1221	AttrBuff	0	1	-1	SuckBlood#6	#	#
1222	AttrBuff	0	1	-1	Crit#25	set:game_items_hd_pass_5.json image:g1048_elf_sword_1	weapon_ability_101
1223	FireBuff	0	1701	-1	3	set:game_items_hd_pass_5.json image:g1048_elf_bow	weapon_ability_112
1224	AddHpMomentBuff	0	519	-1	0.03#g1048_buff_health.effect#2#2	set:game_items_hd_pass_5.json image:g1048_elf_sword_2	weapon_ability_1224
1225	AddHpBuff	0	401	-1	1#4#6#12	set:game_items_hd_pass_5.json image:g1048_elf_sword_3	weapon_ability_198
1227	AttrBuff	0	1	-1	Crit#25	set:game_items_hd_pass_5.json image:g1048_shark_sword_1	weapon_ability_101
1228	FireBuff	0	1701	-1	3	set:game_items_hd_pass_5.json image:g1048_shark_bow	weapon_ability_112
1229	AttrBuff	0	1	-1	Crit#15	set:game_items_hd_pass_5.json image:g1048_shark_sword_2	weapon_ability_105
1230	InjuredBuff	0	1101	-1	1#1#g1048_warrior_weapon_skill.effect#0.5#g1048_debuff_bright_ui.effect#0.5	set:game_items_hd_pass_5.json image:g1048_shark_sword_3	weapon_ability_182
1231	ComboTriggerBuff	0	1	-1	1232#1233#1239	#	#
1232	AttrBuff	0	230	-1	SuckBlood#12	set:game_items_hd_shop_2.json image:g1048_fool_brokensword	weapon_ability_1231
1233	WildBuff	0	1	-1	Crit#0.02#1	#	#
1239	AttrBuff	0	1	-1	Crit#10	#	#
1234	ComboTriggerBuff	0	1	-1	1235#1238	#	#
1235	MultiAttackBuff	0	523	-1	1#g1048_valkyrie_weapon_1_hit.effect#0.3#g1048_valkyrie_attack_3#0.4#g1048_valkyrie_weapon_1_skill.effect#0.35	set:game_items_hd_shop_2.json image:g1048_suit_valkyrie_sword_1	weapon_ability_1235
1236	ComboTriggerBuff	0	1	-1	1237#1238	#	#
1237	MultiAttackBuff	0	523	-1	1#g1048_valkyrie_weapon_2_hit.effect#0.3#g1048_valkyrie_attack_4#0.4#g1048_valkyrie_weapon_2_skill.effect#0.35	set:game_items_hd_shop_2.json image:g1048_suit_valkyrie_sword_2	weapon_ability_1235
1238	AttrBuff	0	1	-1	SuckBlood#8	#	#
1240	AttrBuff	0	1	-1	Crit#25	set:game_items_hd_pass_6.json image:g1048_cloud_sword_1	weapon_ability_101
1241	FireBuff	0	1701	-1	3	set:game_items_hd_pass_6.json image:g1048_cloud_bow	weapon_ability_112
1242	AddHpMomentBuff	0	401	-1	0.3#g1048_vampire_regeneration.effect#2#2	set:game_items_hd_pass_6.json image:g1048_cloud_sword_2	weapon_ability_172
1243	AttrBuff	0	214	-1	MoveSpeed#150	set:game_items_hd_pass_6.json image:g1048_cloud_sword_3	weapon_ability_1203
1244	AttrBuff	0	1	-1	Crit#25	set:game_items_hd_event_6.json image:g1048_suit_boss_wither_weapon	weapon_ability_1244
1245	AttrBuff	0	1	-1	Crit#25	set:game_items_hd_event_6.json image:g1048_suit_boss_lava_weapon	weapon_ability_1245
1246	ComboTriggerBuff	0	1	-1	1247#1248	#	#
1247	AttrBuff	0	1	-1	Crit#12	set:game_items_hd_event_6.json image:g1048_suit_boss_samurai_weapon	weapon_ability_1246
1248	AddHpMomentBuff	0	1101	-1	3	#	#
1249	AttrBuff	0	1	-1	Crit#25	set:game_items_hd_event_6.json image:g1048_suit_boss_dragon_weapon	weapon_ability_1247
1250	AttrBuff	0	1	-1	Crit#25	set:game_items_hd_event_6.json image:g1048_suit_boss_warden_weapon	weapon_ability_1248
1251	ComboTriggerBuff	0	1	-1	1252#1253	#	#
1252	AttrAddDamageBuff	0	1203	-1	Defense#0.2#g1048_murloc_armor_skill_2.effect#0.6	set:game_items_hd_event_7.json image:g1048_summer_sword_ocean	weapon_ability_1251
1253	AddHpMomentBuff	0	1203	-1	0.04#none#0#2	#	#
1254	AttrBuff	0	1	-1	Crit#15	set:game_items_hd_event_7.json image:g1048_summer_toy_sword	weapon_ability_1254
1255	AddHpBuff	0	2403	-1	1#4#4#10	set:game_items_hd_event_7.json image:g1048_summer_staff_2	weapon_ability_1255
1256	AttrBuff	0	1	-1	Crit#30	set:game_items_hd_event_7.json image:g1048_suit_aquaman_sword_2	weapon_ability_101
1257	AttrBuff	0	1	-1	Crit#25	set:game_items_hd_pass_6.json image:g1048_raven_sword_1	weapon_ability_101
1258	FireBuff	0	1701	-1	3	set:game_items_hd_pass_6.json image:g1048_raven_bow	weapon_ability_112
1259	TempAttrBuff	0	505	-1	RealDamage#3#8	set:game_items_hd_pass_6.json image:g1048_raven_sword_2	weapon_ability_169
1260	TempAttrDeBuff	0	505	-1	MoveSpeed#-200#2	set:game_items_hd_pass_6.json image:g1048_raven_sword_3	weapon_ability_118
1261	AttackAttrBuff	0	1	-1	RealDamage#1#8#4#50#g1048_jormungandr_weapon_skill.effect#s_back	set:game_items_hd_shop_3.json image:g1048_suit_jormungandr_sword_1	weapon_ability_1261
1262	AttackAttrBuff	0	1	-1	RealDamage#1#8#4#50#g1048_jormungandr_weapon_skill.effect#s_back	set:game_items_hd_shop_3.json image:g1048_suit_jormungandr_sword_2	weapon_ability_1261
1263	AttrBuff	0	1	-1	Crit#25	set:game_items_hd_pass_6.json image:g1048_beetle_sword_1	weapon_ability_101
1264	FireBuff	0	1701	-1	3	set:game_items_hd_pass_6.json image:g1048_beetle_bow	weapon_ability_112
1265	AttrBuff	0	1	-1	RealDamage#1	set:game_items_hd_pass_6.json image:g1048_beetle_sword_2	weapon_ability_1202
1266	AttrBuff	0	1	-1	KnockBack#1	set:game_items_hd_pass_6.json image:g1048_beetle_sword_3	weapon_ability_143
1267	EnergizeAttackBuff	0	501	-1	25#3#10#8#g1048_thor_weapon_skill_1.effect#s_hand_r#g1048_thor_weapon_skill_attack_1.effect	set:game_items_hd_shop_3.json image:g1048_suit_thor_sword_1	weapon_ability_1267
1268	EnergizeAttackBuff	0	501	-1	25#3#10#8#g1048_thor_weapon_skill_2.effect#s_hand_r#g1048_thor_weapon_skill_attack_2.effect	set:game_items_hd_shop_3.json image:g1048_suit_thor_sword_2	weapon_ability_1267
201	AttrBuff	0	1	-1	MaxHealth#10	set:game_items_hd_pass_1.json image:g1048_suit_wither_head	set_bonus_201
301	AttrBuff	0	701	-1	DamageReduce#8	set:game_items_hd_pass_1.json image:g1048_suit_wither_armor	set_bonus_301
401	AttrBuff	0	1	-1	MaxHealth#25	set:game_items_hd_pass_1.json image:g1048_suit_wither_head	set_bonus_401
202	AttrBuff	0	1	-1	Defense#1	set:game_items_hd_pass_1.json image:g1048_suit_nightmare_head	set_bonus_202
302	AttrBuff	0	711	-1	MaxHealth#15	set:game_items_hd_pass_1.json image:g1048_suit_nightmare_armor	set_bonus_302
402	AttrBuff	0	1	-1	Defense#1.5	set:game_items_hd_pass_1.json image:g1048_suit_nightmare_head	set_bonus_402
203	AttrBuff	0	1	-1	DamageReduce#10	set:game_items_hd_event_1.json image:g1048_suit_dragon_head	set_bonus_203
303	AttrBuff	0	712	-1	MaxHealth#10	set:game_items_hd_event_1.json image:g1048_suit_dragon_armor	set_bonus_303
403	AttrBuff	0	1	-1	DamageReduce#20	set:game_items_hd_event_1.json image:g1048_suit_dragon_head	set_bonus_403
204	AttrBuff	0	1	-1	BlockDoubleDrop#10	set:game_items_hd_event_2.json image:g1048_suit_miner_head	set_bonus_204
205	AttrBuff	0	1	-1	Attack#3	set:game_items_hd_pass_1.json image:g1048_suit_whitewolf_head	set_bonus_205
305	AttrBuff	0	706	-1	DamageAddition#10	set:game_items_hd_pass_1.json image:g1048_suit_whitewolf_armor	set_bonus_305
405	AttrBuff	0	1	-1	Attack#6	set:game_items_hd_pass_1.json image:g1048_suit_whitewolf_head	set_bonus_405
206	AttrBuff	0	1	-1	DamageRebound#12	set:game_items_hd_event_3.json image:g1048_suit_iceslimeking_head	set_bonus_206
306	AttrBuff	0	746	-1	AutoBloodValue#2	set:game_items_hd_event_3.json image:g1048_suit_iceslimeking_armor	set_bonus_306
406	AttrBuff	0	1	-1	DamageRebound#20	set:game_items_hd_event_3.json image:g1048_suit_iceslimeking_head	set_bonus_406
207	AttrBuff	0	1	-1	DamageAddition#12	set:game_items_hd_pass_1.json image:g1048_suit_zodiac_head	set_bonus_207
307	AttrBuff	0	726	-1	Defense#1	set:game_items_hd_pass_1.json image:g1048_suit_zodiac_armor	set_bonus_307
407	AttrBuff	0	1	-1	DamageAddition#25	set:game_items_hd_pass_1.json image:g1048_suit_zodiac_head	set_bonus_407
208	AddHpBuff	0	217	-1	1#1#1#-1	set:game_items_hd_pass_2.json image:g1048_suit_angel_head	set_bonus_208
308	AttrBuff	0	1	-1	DamageRebound#8	set:game_items_hd_pass_2.json image:g1048_suit_angel_armor	set_bonus_308
408	AddHpBuff	0	217	-1	1#1#3#-1	set:game_items_hd_pass_2.json image:g1048_suit_angel_head	set_bonus_408
209	PoisonBuff	0	610	-1	1#2#3#3	set:game_items_hd_pass_2.json image:g1048_suit_forest_head	set_bonus_209
309	AttrBuff	0	712	-1	MaxHealth#16	set:game_items_hd_pass_2.json image:g1048_suit_forest_armor	set_bonus_309
409	PoisonBuff	0	603	-1	1#2#3#5	set:game_items_hd_pass_2.json image:g1048_suit_forest_head	set_bonus_409
210	BuffAddDamageBuff	0	501	-1	FireBuff#1#g1048_buff_fire.effect#0.5	set:game_items_hd_pass_2.json image:g1048_flame_head	set_bonus_210
310	FireBuff	0	516	-1	3	set:game_items_hd_pass_2.json image:g1048_flame_armor	set_bonus_310
410	BuffAddDamageBuff	0	501	-1	FireBuff#2#g1048_buff_fire.effect#0.5	set:game_items_hd_pass_2.json image:g1048_flame_head	set_bonus_410
211	AttrBuff	0	1	-1	Crit#20	set:game_items_hd_event_4.json image:g1048_suit_skullking_head	set_bonus_211
311	AttrBuff	0	716	-1	CritDamage#20	set:game_items_hd_event_4.json image:g1048_suit_skullking_armor	set_bonus_311
411	AttrBuff	0	1	-1	Crit#25	set:game_items_hd_event_4.json image:g1048_suit_skullking_head	set_bonus_411
212	AttrBuff	0	1	-1	RealDamage#1	set:game_items_hd_pass_2.json image:g1048_suit_shadow_head	set_bonus_212
312	StealthBuff	0	605	-1	2#g1048_ink_skill.effect	set:game_items_hd_pass_2.json image:g1048_suit_shadow_armor	set_bonus_312
412	AttrBuff	0	1	-1	RealDamage#2	set:game_items_hd_pass_2.json image:g1048_suit_shadow_head	set_bonus_412
213	InjuredBuff	0	519	-1	1#15#g1048_debuff_bright.effect#1#g1048_debuff_bright_ui.effect#1	set:game_items_hd_pass_3.json image:g1048_suit_paladin_head	set_bonus_213
313	AttrBuff	0	701	-1	Defense#1	set:game_items_hd_pass_3.json image:g1048_suit_paladin_armor	set_bonus_313
413	InjuredBuff	0	520	-1	1#15#g1048_debuff_bright.effect#1#g1048_debuff_bright_ui.effect#1	set:game_items_hd_pass_3.json image:g1048_suit_paladin_head	set_bonus_413
214	AttrBuff	0	1	-1	CritDamage#50	set:game_items_hd_shop_1.json image:g1048_suit_aquaman_head	set_bonus_214
314	AttrBuff	0	1	-1	Crit#15	set:game_items_hd_shop_1.json image:g1048_suit_aquaman_armor	set_bonus_314
414	AttrBuff	0	1	-1	CritDamage#90	set:game_items_hd_shop_1.json image:g1048_suit_aquaman_head	set_bonus_414
215	InjuredBuff	0	609	-1	1#5#g1048_aerospace_skill.effect#1#g1048_debuff_space_ui_red.effect#1	set:game_items_hd_pass_3.json image:g1048_suit_aerospace_head	set_bonus_215
315	AttrBuff	0	711	-1	DamageReduce#10	set:game_items_hd_pass_3.json image:g1048_suit_aerospace_armor	set_bonus_315
415	InjuredBuff	0	610	-1	1#5#g1048_aerospace_skill.effect#1#g1048_debuff_space_ui_red.effect#1	set:game_items_hd_pass_3.json image:g1048_suit_aerospace_head	set_bonus_415
216	TempAttrDeBuff	0	511	-1	MoveSpeed#-500#1	set:game_items_hd_pass_3.json image:g1048_suit_steampunk_head	set_bonus_216
316	TempAttrBuff	0	607	-1	DamageReduce#30#1	set:game_items_hd_pass_3.json image:g1048_suit_steampunk_armor	set_bonus_316
416	TempAttrDeBuff	0	505	-1	MoveSpeed#-500#1	set:game_items_hd_pass_3.json image:g1048_suit_steampunk_head	set_bonus_416
217	WildBuff	0	1	-1	SuckBlood#0.01#0.25	set:game_items_hd_shop_1.json image:g1048_suit_zeus_head	set_bonus_217
317	AttrBuff	0	701	-1	MaxHealth#10	set:game_items_hd_shop_1.json image:g1048_suit_zeus_armor	set_bonus_317
417	WildBuff	0	1	-1	SuckBlood#0.01#0.35	set:game_items_hd_shop_1.json image:g1048_suit_zeus_head	set_bonus_417
218	AddHpMomentBuff	0	1001	-1	25#g1048_egypt_trunk_set.effect#1	set:game_items_hd_pass_3.json image:g1048_suit_egypt_head	set_bonus_218
318	AttrBuff	0	712	-1	MaxHealth#15	set:game_items_hd_pass_3.json image:g1048_suit_egypt_armor	set_bonus_318
418	AddHpMomentBuff	0	1001	-1	40#g1048_egypt_trunk_set.effect#1	set:game_items_hd_pass_3.json image:g1048_suit_egypt_head	set_bonus_418
219	WildBuff	0	216	-1	AutoBloodValue#0.01#0.1	set:game_items_hd_event_5.json image:g1048_suit_goblin_head	set_bonus_219
319	AttrBuff	0	701	-1	Defense#1	set:game_items_hd_event_5.json image:g1048_suit_goblin_armor	set_bonus_319
419	WildBuff	0	214	-1	AutoBloodValue#0.01#0.1	set:game_items_hd_event_5.json image:g1048_suit_goblin_head	set_bonus_419
220	LockBloodBuff	0	1001	-1	3#g1048_unyielding.effect	set:game_items_hd_event_5.json image:g1048_suit_goblinking_head	set_bonus_220
320	WildBuff	0	706	-1	Crit#0.01#0.5	set:game_items_hd_event_5.json image:g1048_suit_goblinking_armor	set_bonus_320
420	LockBloodBuff	0	1001	-1	5#g1048_unyielding.effect	set:game_items_hd_event_5.json image:g1048_suit_goblinking_head	set_bonus_420
221	AttrBuff	0	1	-1	RealDamage#1	set:game_items_hd_pass_2.json image:g1048_suit_shadow_head	set_bonus_221
321	AttrBuff	0	1	-1	Attack#2	set:game_items_hd_event_2.json image:g1048_suit_halloween_wood_cape	set_bonus_321
421	AttrBuff	0	1	-1	RealDamage#2	set:game_items_hd_pass_2.json image:g1048_suit_shadow_head	set_bonus_421
222	AttrBuff	0	1	-1	SuckBlood#5	set:game_items_hd_pass_2.json image:g1048_suit_shadow_head	set_bonus_222
322	AttrBuff	0	712	-1	SuckBlood#5	set:game_items_hd_event_2.json image:g1048_suit_halloween_emerald_head	set_bonus_322
422	AttrBuff	0	1	-1	RealDamage#2	set:game_items_hd_pass_2.json image:g1048_suit_shadow_head	set_bonus_422
223	TempAttrBuff	0	1101	-1	SuckBlood#15#2	set:game_items_hd_pass_4.json image:g1048_suit_vampire_head	set_bonus_223
323	AttrBuff	0	717	-1	Defense#2	set:game_items_hd_pass_4.json image:g1048_suit_vampire_armor	set_bonus_323
423	TempAttrBuff	0	1101	-1	SuckBlood#20#2	set:game_items_hd_pass_4.json image:g1048_suit_vampire_head	set_bonus_423
224	SummonAiderBuff	0	517	-1	101#15#2	set:game_items_hd_shop_1.json image:g1048_suit_hades_head	set_bonus_224
324	AttrBuff	0	711	-1	MaxHealth#20	set:game_items_hd_shop_1.json image:g1048_suit_hades_armor	set_bonus_324
424	SummonAiderBuff	0	518	-1	101#15#2	set:game_items_hd_shop_1.json image:g1048_suit_hades_head	set_bonus_424
225	InjuredBuff	0	1101	-1	1#2#g1048_warrior_weapon_skill.effect#0.5#g1048_debuff_bright_ui.effect#0.5	set:game_items_hd_pass_4.json image:g1048_suit_warrior_head	set_bonus_225
325	AttrBuff	0	712	-1	Crit#10	set:game_items_hd_pass_4.json image:g1048_suit_warrior_armor	set_bonus_325
425	InjuredBuff	0	1101	-1	1#3#g1048_warrior_weapon_skill.effect#0.5#g1048_debuff_bright_ui.effect#0.5	set:game_items_hd_pass_4.json image:g1048_suit_warrior_head	set_bonus_425
226	AttrBuff	0	1	-1	SuckBlood#10	set:game_items_hd_event_2.json image:g1048_suit_death_head	set_bonus_226
326	AttrAddDamageBuff	0	1203	-1	Attack#0.2#g1048_death_armor_skill.effect#0.5	set:game_items_hd_event_2.json image:g1048_suit_death_armor	set_bonus_326
426	AttrBuff	0	1	-1	SuckBlood#15	set:game_items_hd_event_2.json image:g1048_suit_death_head	set_bonus_426
227	DamageImmunityBuff	0	1204	-1	1#3	set:game_items_hd_shop_1.json image:g1048_suit_ares_head	set_bonus_227
327	AttrBuff	0	1	-1	Attack#3	set:game_items_hd_shop_1.json image:g1048_suit_ares_armor	set_bonus_327
427	DamageImmunityBuff	0	1203	-1	1#5	set:game_items_hd_shop_1.json image:g1048_suit_ares_head	set_bonus_427
228	SummonAiderBuff	0	520	-1	102#3#1	set:game_items_hd_pass_4.json image:g1048_suit_freeze_head	set_bonus_228
328	AttrBuff	0	712	-1	MaxHealth#10	set:game_items_hd_pass_4.json image:g1048_suit_freeze_armor	set_bonus_328
428	SummonAiderBuff	0	516	-1	102#3#1	set:game_items_hd_pass_4.json image:g1048_suit_freeze_head	set_bonus_428
229	FireBuff	0	517	-1	3	set:game_items_hd_event_6.json image:g1048_suit_boss_lava_head	set_bonus_229
329	AttrBuff	0	712	-1	MaxHealth#6	set:game_items_hd_event_6.json image:g1048_suit_boss_lava_armor	set_bonus_329
429	FireBuff	0	504	-1	3	set:game_items_hd_event_6.json image:g1048_suit_boss_lava_head	set_bonus_429
230	SummonAiderBuff	0	520	-1	103#10#1	set:game_items_hd_event_6.json image:g1048_suit_boss_samurai_head	set_bonus_230
330	AttrBuff	0	701	-1	Defense#1	set:game_items_hd_event_6.json image:g1048_suit_boss_samurai_armor	set_bonus_330
430	SummonAiderBuff	0	516	-1	103#10#1	set:game_items_hd_event_6.json image:g1048_suit_boss_samurai_head	set_bonus_430
231	TempAttrDeBuff	0	611	-1	Defense#1.5#2	set:game_items_hd_event_6.json image:g1048_suit_boss_warden_head	set_bonus_231
331	AttrAddDamageBuff	0	1203	-1	Defense#0.3#g1048_death_armor_skill.effect#0.5	set:game_items_hd_event_6.json image:g1048_suit_boss_warden_armor	set_bonus_331
431	TempAttrDeBuff	0	612	-1	Defense#2.5#2	set:game_items_hd_event_6.json image:g1048_suit_boss_warden_head	set_bonus_431
232	KillAttrBuff	0	1	-1	Attack#0.5#10#g1048_warrior_weapon_skill.effect#6	set:game_items_hd_event_6.json image:g1048_suit_boss_dragon_head	set_bonus_232
332	AttrBuff	0	701	-1	Crit#20	set:game_items_hd_event_6.json image:g1048_suit_boss_dragon_armor	set_bonus_332
432	KillAttrBuff	0	1	-1	Attack#0.5#20#g1048_warrior_weapon_skill.effect#6	set:game_items_hd_event_6.json image:g1048_suit_boss_dragon_head	set_bonus_432
233	KillAttrBuff	0	1	-1	MaxHealth#2#20#g1048_warrior_weapon_skill.effect#6	set:game_items_hd_event_6.json image:g1048_suit_boss_wither_head	set_bonus_233
333	AddHpBuff	0	401	-1	1#1#4#6	set:game_items_hd_event_6.json image:g1048_suit_boss_wither_armor	set_bonus_333
433	KillAttrBuff	0	1	-1	MaxHealth#3#20#g1048_warrior_weapon_skill.effect#6	set:game_items_hd_event_6.json image:g1048_suit_boss_wither_head	set_bonus_433
234	PoisonBuff	0	505	-1	1#2#3#3	set:game_items_hd_pass_4.json image:g1048_suit_cthulhu_head	set_bonus_234
334	AttrBuff	0	701	-1	Defense#1	set:game_items_hd_pass_4.json image:g1048_suit_cthulhu_armor	set_bonus_334
434	PoisonBuff	0	516	-1	1#2#3#5	set:game_items_hd_pass_4.json image:g1048_suit_cthulhu_head	set_bonus_434
235	AttrBuff	0	1	-1	MaxHealth#4	task_and_shop.json image:g1048_helmet_purple	set_bonus_235
335	AttrBuff	0	712	-1	MaxHealth#10	set:game_items_hd_pass_4.json image:g1048_suit_cthulhu_armor	set_bonus_335
435	AttrBuff	0	1	-1	MaxHealth#8	task_and_shop.json image:g1048_helmet_purple	set_bonus_435
236	AttrAddDamageBuff	0	520	-1	Defense#0.20#g1048_blackrose_armor_skill.effect#1	set:game_items_hd_pass_5.json image:g1048_suit_blackrose_head	set_bonus_236
336	AttrBuff	0	701	-1	Defense#1	set:game_items_hd_pass_5.json image:g1048_suit_blackrose_armor	set_bonus_336
436	AttrAddDamageBuff	0	521	-1	Defense#0.3#g1048_blackrose_armor_skill.effect#1	set:game_items_hd_pass_5.json image:g1048_suit_blackrose_head	set_bonus_436
237	AutoDamageBuff	0	1204	-1	8#3#5.5#4#0#0#g1048_apollo_armor_skill.effect#g1048_apollo_armor_skill_hit.effect#g1048_debuff_bright_ui.effect	set:game_items_hd_shop_2.json image:g1048_suit_apollo_head	set_bonus_237
337	AttrBuff	0	712	-1	Defense#1	set:game_items_hd_shop_2.json image:g1048_suit_apollo_armor	set_bonus_337
437	AutoDamageBuff	0	1203	-1	8#3#5.5#6#0#0#g1048_apollo_armor_skill.effect#g1048_apollo_armor_skill_hit.effect#g1048_debuff_bright_ui.effect	set:game_items_hd_shop_2.json image:g1048_suit_apollo_head	set_bonus_437
238	AttrBuff	0	1	-1	AutoBloodValue#4	set:game_items_hd_pass_5.json image:g1048_suit_ramadan_head	set_bonus_238
338	AttrBuff	0	205	-1	Defense#2	set:game_items_hd_pass_5.json image:g1048_suit_ramadan_armor	set_bonus_338
438	AttrBuff	0	1	-1	AutoBloodValue#5	set:game_items_hd_pass_5.json image:g1048_suit_ramadan_head	set_bonus_438
239	ComboTriggerBuff	0	1	-1	2001#2002#2003#2004	#	#
2001	DamageAddHpBuff	0	1215	-1	0.2#20#3#g1048_fennir_armor_skill.effect	set:game_items_hd_shop_2.json image:g1048_suit_fenrir_head	set_bonus_239
2002	TempAttrBuff	0	1215	-1	Attack#4#3	#	#
2003	TempAttrBuff	0	1215	-1	SuckBlood#20#3	#	#
2004	TempAttrBuff	0	1215	-1	Defense#-4#3	#	#
339	AttrBuff	0	702	-1	DamageReduce#12	set:game_items_hd_shop_2.json image:g1048_suit_fenrir_armor	set_bonus_339
439	ComboTriggerBuff	0	1	-1	2006#2007#2008#2009	#	#
2006	DamageAddHpBuff	0	1214	-1	0.25#25#3#g1048_fennir_armor_skill.effect	set:game_items_hd_shop_2.json image:g1048_suit_fenrir_head	set_bonus_439
2007	TempAttrBuff	0	1214	-1	Attack#6#3	#	#
2008	TempAttrBuff	0	1214	-1	SuckBlood#25#3	#	#
2009	TempAttrBuff	0	1214	-1	Defense#-4#3	#	#
240	AddHpMomentBuff	0	613	-1	0.03#g1048_buff_health.effect#2#2	set:game_items_hd_pass_5.json image:g1048_suit_elf_head	set_bonus_240
340	AttrBuff	0	712	-1	MaxHealth#10	set:game_items_hd_pass_5.json image:g1048_suit_elf_armor	set_bonus_340
440	AddHpMomentBuff	0	614	-1	0.05#g1048_buff_health.effect#2#2	set:game_items_hd_pass_5.json image:g1048_suit_elf_head	set_bonus_440
241	WildBuff	0	1	-1	CritDamage#0.02#1.5	set:game_items_hd_pass_5.json image:g1048_suit_shark_head	set_bonus_241
341	AttrBuff	0	717	-1	Defense#1	set:game_items_hd_pass_5.json image:g1048_suit_shark_armor	set_bonus_341
441	WildBuff	0	1	-1	CritDamage#0.02#2.5	set:game_items_hd_pass_5.json image:g1048_suit_shark_head	set_bonus_441
242	ComboTriggerBuff	0	1	-1	2101#2102#2103#2104	#	#
2101	AttrBuff	0	231	-1	DamageReduce#15	set:game_items_hd_shop_2.json image:g1048_suit_valkyrie_head	set_bonus_242
2102	AttrBuff	0	232	-1	SuckBlood#12	set:game_items_hd_shop_2.json image:g1048_suit_valkyrie_head	#
2103	AttrBuff	0	233	-1	RealDamage#1	#	#
2104	AutoDamageBuff	0	1801	-1	4#0.7#3.5#6#0#0#none#g1048_valkyrie_weapon_1_hit.effect#g1048_debuff_bright_ui.effect	#	#
342	AttrBuff	0	712	-1	MaxHealth#15	set:game_items_hd_shop_2.json image:g1048_suit_valkyrie_armor	set_bonus_342
442	ComboTriggerBuff	0	1	-1	2105#2106#2107#2108	#	#
2105	AttrBuff	0	231	-1	DamageReduce#18	set:game_items_hd_shop_2.json image:g1048_suit_valkyrie_head	set_bonus_442
2106	AttrBuff	0	232	-1	SuckBlood#18	set:game_items_hd_shop_2.json image:g1048_suit_valkyrie_head	#
2107	AttrBuff	0	233	-1	RealDamage#1	#	#
2108	AutoDamageBuff	0	1802	-1	4#0.7#3.5#10#0#0#none#g1048_valkyrie_weapon_1_hit.effect#g1048_debuff_bright_ui.effect	#	#
243	WildBuff	0	1	-1	AutoBloodValue#0.01#0.1	set:game_items_hd_pass_6.json image:g1048_suit_cloud_head	set_bonus_243
343	AttrBuff	0	214	-1	DamageReduce#12	set:game_items_hd_pass_6.json image:g1048_suit_cloud_armor	set_bonus_343
443	WildBuff	0	1	-1	AutoBloodValue#0.01#0.15	set:game_items_hd_pass_6.json image:g1048_suit_cloud_head	set_bonus_443
244	AddHpMomentBuff	0	1101	-1	0.02#g1048_buff_health.effect#2#2	set:game_items_hd_event_7.json image:g1048_suit_murloc_head	set_bonus_244
344	AttrBuff	0	712	-1	Crit#10	set:game_items_hd_event_7.json image:g1048_suit_murloc_armor	set_bonus_344
444	AddHpMomentBuff	0	1101	-1	0.03#g1048_buff_health.effect#2#2	set:game_items_hd_event_7.json image:g1048_suit_murloc_head	set_bonus_444
245	ShieldBuff	0	524	-1	4#3#0#g1048_murloc_armor_skill_1.effect#g1048_debuff_bright_ui.effect	set:game_items_hd_event_7.json image:g1048_suit_murloc_king_head	set_bonus_245
345	AttrBuff	0	701	-1	Defense#1	set:game_items_hd_event_7.json image:g1048_suit_murloc_king_armor	set_bonus_345
445	ShieldBuff	0	525	-1	6#3#0#g1048_murloc_armor_skill_1.effect#g1048_debuff_bright_ui.effect	set:game_items_hd_event_7.json image:g1048_suit_murloc_king_head	set_bonus_445
246	ComboTriggerBuff	0	1	-1	2111#2112	#	#
2111	DamageAddHpBuff	0	1217	-1	0.1#10#2	set:game_items_hd_pass_6.json image:g1048_suit_raven_head	set_bonus_246
2112	AutoDamageBuff	0	1217	-1	8#2#5.5#2#0#0#g1048_raven_armor_skill.effect#g1048_raven_armor_skill_hit.effect#g1048_debuff_bright_ui.effect	#	#
346	AttrBuff	0	701	-1	Defense#1	set:game_items_hd_pass_6.json image:g1048_suit_raven_armor	set_bonus_346
446	ComboTriggerBuff	0	1	-1	2113#2114	#	#
2113	DamageAddHpBuff	0	1216	-1	0.12#12#2	set:game_items_hd_pass_6.json image:g1048_suit_raven_head	set_bonus_446
2114	AutoDamageBuff	0	1216	-1	8#2#5.5#3#0#0#g1048_raven_armor_skill.effect#g1048_raven_armor_skill_hit.effect#g1048_debuff_bright_ui.effect	#	#
247	ShieldBuff	0	1204	-1	0.2#3#2115#g1048_jormungandr_armor_skill.effect#g1048_debuff_bright_ui.effect#Defense	set:game_items_hd_shop_3.json image:g1048_suit_jormungandr_head	set_bonus_247
2115	AddHpMomentBuff	0	1	-1	3	#	#
347	AttrBuff	0	712	-1	DamageReduce#12	set:game_items_hd_shop_3.json image:g1048_suit_jormungandr_armor	set_bonus_347
447	ShieldBuff	0	1203	-1	0.25#3#2116#g1048_jormungandr_armor_skill.effect#g1048_debuff_bright_ui.effect#Defense	set:game_items_hd_shop_3.json image:g1048_suit_jormungandr_head	set_bonus_447
2116	AddHpMomentBuff	0	1	-1	6	#	#
248	WildBuff	0	1	-1	Defense#0.05#0.25	set:game_items_hd_pass_6.json image:g1048_suit_beetle_head	set_bonus_248
348	AttrBuff	0	712	-1	SuckBlood#5	set:game_items_hd_pass_6.json image:g1048_suit_beetle_armor	set_bonus_348
448	WildBuff	0	1	-1	Defense#0.05#0.35	set:game_items_hd_pass_6.json image:g1048_suit_beetle_head	set_bonus_448
249	ComboTriggerBuff	0	1	-1	2117#2118	#	#
2117	AttrCompareBuff	0	601	-1	Attack#1#Defense#1#>#2119	set:game_items_hd_shop_3.json image:g1048_suit_thor_head	set_bonus_249
2118	AttrCompareBuff	0	601	-1	Attack#1#Defense#1#<#2120	#	#
2119	TempAttrBuff	0	1	-1	DamageReduce#20#0.1	#	#
2120	AddHpMomentBuff	0	1	-1	1	#	#
349	AttrBuff	0	701	-1	Defense#1.5	set:game_items_hd_shop_3.json image:g1048_suit_thor_armor	set_bonus_349
449	ComboTriggerBuff	0	1	-1	2121#2122	#	#
2121	AttrCompareBuff	0	601	-1	Attack#1#Defense#1#>#2123	set:game_items_hd_shop_3.json image:g1048_suit_thor_head	set_bonus_449
2122	AttrCompareBuff	0	601	-1	Attack#1#Defense#1#<#2124	#	#
2123	TempAttrBuff	0	1	-1	DamageReduce#26#0.1	#	#
2124	AddHpMomentBuff	0	1	-1	2	#	#
501	AttrBuff	0	1	-1	SuckBlood#5	set:game_items_hd_event_1.json image:g1048_suit_demon_cape	Starbuff_SuckBlood
502	AttrBuff	0	1	-1	SuckBlood#5	set:game_items_hd_shop_1.json image:g1048_angel_ring	Starbuff_SuckBlood
503	AttrBuff	0	1	-1	MoveSpeed#50	set:game_items_hd_event_2.json image:g1048_fools_ring	buff_503
504	AttrBuff	0	1	-1	Crit#5	set:game_items_hd_event_2.json image:g1048_piratehat	Starbuff_Crit
505	AttrBuff	0	1	-1	Crit#10	set:game_items_hd_event_2.json image:g1048_wings_butterfly	Starbuff_Crit
506	AttrBuff	0	1	-1	Defense#1.5	set:game_items_hd_event_2.json image:g1048_wings_crystal	Starbuff_Defense
507	AttrBuff	0	1	-1	Crit#10	set:game_items_hd_event_2.json image:g1048_wings_butterfly	Starbuff_Crit
508	AttrBuff	0	1	-1	Defense#1.5	set:game_items_hd_event_2.json image:g1048_wings_crystal	Starbuff_Defense
509	WildBuff	0	1	-1	DamageReduce#0.01#0.25	set:game_items_hd_event_2.json image:g1048_shield_steampunk	buff_509
510	PoisonBuff	0	605	-1	1#2#0#3#g1048_debuff_grievous_wounds.effect#g1048_debuff_grievous_wounds_ui.effect	set:game_items_hd_shop_1.json image:g1048_suit_ares_shield	buff_510
511	AttrBuff	0	1	-1	AutoBloodValue#2	set:game_items_hd_shop_1.json image:g1048_christmas_ring	buff_511
512	ComboTriggerBuff	0	1	-1	513#514	#	#
513	AttrBuff	0	1	-1	MoveSpeed#-150	set:game_items_hd_event_4.json image:g1048_pvp_gem_shards	###
514	CheatSubHpBuff	0	1	-1	#	#	###
515	TempAttrBuff	0	1203	-1	MoveSpeed#200#2	set:game_items_hd_shop_2.json image:g1048_ramadan_ring	buff_515
516	ComboTriggerBuff	0	1	-1	517#518	#	#
517	AttrBuff	0	1	-1	MoveSpeed#-150	set:game_items_hd_event_7.json image:g1048_suit_turtle_wing	buff_516
518	AttrBuff	0	1	-1	DamageReduce#6	#	#
519	AddHpMomentBuff	0	1102	-1	2#g1048_buff_health.effect#2#1	set:game_items_hd_event_7.json image:g1048_aquaman_shield	buff_519
520	AttrBuff	0	1	-1	DamageReduce#3	#	#
521	AttrBuff	0	1	-1	DamageAddition#5	#	#
522	AttrBuff	0	1	-1	RealDamage#1	#	#
901	TempAttrDeBuff	0	1	-1	MoveSpeed#-200#2	set:game_items_hd_pass_4.json image:g1048_suit_freeze_head	###
902	TempAttrDeBuff	0	1	-1	MoveSpeed#-300#1.5	#	###
903	FireBuff	0	1	-1	3	#	###
904	BuffMarkBuff	0	1	-1	g1048_boss_skill_warden_mark.effect#10	#	###
905	BuffMarkTriggerBuff	0	1	-1	904#906	#	###
906	InjuredBuff	0	1	-1	1#10#g1048_hades_weapon_skill.effect#1#g1048_debuff_bright_ui.effect#1	#	###
907	BuffMarkTriggerBuff	0	1	-1	904#908	#	###
908	InjuredBuff	0	1	-1	1#1000#g1048_hades_weapon_skill.effect#1#g1048_debuff_bright_ui.effect#1	#	###
909	PoisonBuff	0	1	-1	1#2#3#3#g1048_debuff_grievous_wounds.effect#g1048_debuff_grievous_wounds_ui.effect	#	###
910	VertigoBuff	0	1	-1	2#bingdong04.effect#g1048_debuff_bright_ui.effect	#	###
911	InjuredBuff	0	1	-1	1#5#g1048_hades_weapon_skill.effect#1#g1048_debuff_bright_ui.effect#1	#	###
912	InjuredBuff	0	1	-1	1#10#g1048_hades_weapon_skill.effect#1#g1048_debuff_bright_ui.effect#1	#	###
913	VertigoBuff	0	1	-1	1#g1048_apollo_weapon_skill.effect#g1048_debuff_bright_ui.effect#set:game_items_hd_shop_2.json image:g1048_vertigo	#	###
914	TempAttrDeBuff	101	1	-1	Defense#-3#5#g1048_debuff_armor_piercing.effect	#	#
8011	AttrBuff	0	1	-1	MaxHealth#3	#	Starbuff_MaxHealth
8012	AttrBuff	0	1	-1	MaxHealth#4	#	Starbuff_MaxHealth
8013	AttrBuff	0	1	-1	MaxHealth#5	#	Starbuff_MaxHealth
8014	AttrBuff	0	1	-1	MaxHealth#6	#	Starbuff_MaxHealth
8021	AttrBuff	0	1	-1	Attack#0.5	#	Starbuff_Attack
8022	AttrBuff	0	1	-1	Attack#1	#	Starbuff_Attack
8023	AttrBuff	0	1	-1	Attack#1.5	#	Starbuff_Attack
8031	AttrBuff	0	1	-1	Defense#0.5	#	Starbuff_Defense
8032	AttrBuff	0	1	-1	Defense#1	#	Starbuff_Defense
8041	AttrBuff	0	1	-1	Crit#3	#	Starbuff_Crit
8042	AttrBuff	0	1	-1	Crit#4	#	Starbuff_Crit
8043	AttrBuff	0	1	-1	Crit#5	#	Starbuff_Crit
8044	AttrBuff	0	1	-1	Crit#6	#	Starbuff_Crit
8051	AttrBuff	0	1	-1	CritDamage#4	#	Starbuff_CritDamage
8052	AttrBuff	0	1	-1	CritDamage#6	#	Starbuff_CritDamage
8053	AttrBuff	0	1	-1	CritDamage#8	#	Starbuff_CritDamage
8054	AttrBuff	0	1	-1	CritDamage#10	#	Starbuff_CritDamage
8061	AttrBuff	0	1	-1	DamageAddition#3	#	Starbuff_DamageAddition
8062	AttrBuff	0	1	-1	DamageAddition#4	#	Starbuff_DamageAddition
8063	AttrBuff	0	1	-1	DamageAddition#5	#	Starbuff_DamageAddition
8071	AttrBuff	0	1	-1	DamageReduce#2	#	Starbuff_DamageReduce
8072	AttrBuff	0	1	-1	DamageReduce#3	#	Starbuff_DamageReduce
8073	AttrBuff	0	1	-1	DamageReduce#4	#	Starbuff_DamageReduce
8081	AttrBuff	0	1	-1	RealDamage#0.5	#	Starbuff_RealDamage
8101	AttrBuff	0	1	-1	DamageRebound#2	#	Starbuff_DamageRebound
8102	AttrBuff	0	1	-1	DamageRebound#3	#	Starbuff_DamageRebound
8103	AttrBuff	0	1	-1	DamageRebound#4	#	Starbuff_DamageRebound
8121	AttrBuff	0	1	-1	BowDamage#2	#	Starbuff_BowDamage
8122	AttrBuff	0	1	-1	BowDamage#3	#	Starbuff_BowDamage
8123	AttrBuff	0	1	-1	BowDamage#4	#	Starbuff_BowDamage
9011	AttrBuff	0	1	-1	AutoBloodValue#2	#	Starbuff_AutoBloodValue
9012	AttrBuff	0	1	-1	AutoBloodValue#3	#	Starbuff_AutoBloodValue
9013	AttrBuff	0	1	-1	AutoBloodValue#4	#	Starbuff_AutoBloodValue
9021	AttrBuff	0	1	-1	Attack#1	#	Starbuff_Attack
9022	AttrBuff	0	1	-1	Attack#2	#	Starbuff_Attack
9023	AttrBuff	0	1	-1	Attack#3	#	Starbuff_Attack
9041	AttrBuff	0	1	-1	Crit#4	#	Starbuff_Crit
9042	AttrBuff	0	1	-1	Crit#6	#	Starbuff_Crit
9043	AttrBuff	0	1	-1	Crit#8	#	Starbuff_Crit
9044	AttrBuff	0	1	-1	Crit#10	#	Starbuff_Crit
9045	AttrBuff	0	1	-1	Crit#12	#	Starbuff_Crit
9046	AttrBuff	0	1	-1	Crit#14	#	Starbuff_Crit
9051	AttrBuff	0	1	-1	CritDamage#12	#	Starbuff_CritDamage
9052	AttrBuff	0	1	-1	CritDamage#16	#	Starbuff_CritDamage
9053	AttrBuff	0	1	-1	CritDamage#20	#	Starbuff_CritDamage
9054	AttrBuff	0	1	-1	CritDamage#24	#	Starbuff_CritDamage
9061	AttrBuff	0	1	-1	DamageAddition#4	#	Starbuff_DamageAddition
9062	AttrBuff	0	1	-1	DamageAddition#6	#	Starbuff_DamageAddition
9063	AttrBuff	0	1	-1	DamageAddition#8	#	Starbuff_DamageAddition
9064	AttrBuff	0	1	-1	DamageAddition#10	#	Starbuff_DamageAddition
9081	AttrBuff	0	1	-1	RealDamage#1	#	Starbuff_RealDamage
9082	AttrBuff	0	1	-1	RealDamage#1.5	#	Starbuff_RealDamage
9083	AttrBuff	0	1	-1	RealDamage#2	#	Starbuff_RealDamage
9091	AttrBuff	0	1	-1	SuckBlood#2	#	Starbuff_SuckBlood
9092	AttrBuff	0	1	-1	SuckBlood#3	#	Starbuff_SuckBlood
9093	AttrBuff	0	1	-1	SuckBlood#4	#	Starbuff_SuckBlood
9111	AttrBuff	0	1	-1	SwordDamage#2	#	Starbuff_SwordDamage
9112	AttrBuff	0	1	-1	SwordDamage#3	#	Starbuff_SwordDamage
9113	AttrBuff	0	1	-1	SwordDamage#4	#	Starbuff_SwordDamage
9114	AttrBuff	0	1	-1	SwordDamage#5	#	Starbuff_SwordDamage
