BuffId	Buff类型	Buff组，相同互斥，只存在一种(0不互斥)	Buff触发器Id	Buff自定义值	图标	显示信息
id	type	group	triggerId	values	icon	displayText
1	CheckAttackBuff	0	101	2#8#1#attack	#	穿戴生效，每隔2秒在范围3检测，寻找1个敌人执行攻击，播放动作attack2
2	NormalAttackBuff	0	501	3	#	攻击100%生效，普通攻击，伤害3
3	ThrowableAttackBuff	0	501	0#5#1.6#g1048_boss_fireball.effect	#	攻击100%生效，投掷物攻击，0秒后发射出5伤害，向上偏移1.6的子弹
1011	CheckAttackBuff	0	101	1.5#6#1#attack	#	穿戴生效，每隔1.5秒在范围6检测，寻找1个敌人执行攻击，播放动作attack2
1012	ThrowableAttackBuff	0	501	0.85#5#1#g1048_cerberus_attack_02.effect	#	攻击100%生效，投掷物攻击，0.85秒后发射出5伤害，向上偏移1的子弹
1021	CheckAttackBuff	0	101	1#3#5#idle	#	穿戴生效，每隔1秒在范围3检测，寻找5个敌人执行攻击，播放动作attack2
1022	ThrowableAttackBuff	0	501	0.65#3#0.5#g1048_cerberus_attack_02.effect#901	#	攻击100%生效，投掷物攻击，0.65秒后发射出5伤害，向上偏移0.5的子弹
1031	CheckAttackBuff	0	101	1.5#3#1#attack2	#	穿戴生效，每隔1.5秒在范围5检测，寻找5个敌人执行攻击，播放动作attack2
1032	NormalAttackBuff	0	501	7#0.6	#	攻击100%生效，延迟0.6秒普通攻击，伤害7
