itemId	动作
itemId	action
3943	g1048_show_fish_01
3944	g1048_show_fish_02
3945	g1048_show_fish_03
3946	g1048_show_fish_04
3947	g1048_show_fish_05
3948	g1048_show_fish_06
3949	g1048_show_fish_07
3950	g1048_show_fish_08
3951	g1048_show_fish_09
3952	g1048_show_fish_10
3953	g1048_show_fish_11
3954	g1048_show_fish_12
3955	g1048_show_fish_13
3956	g1048_show_fish_14
3957	g1048_show_fish_15
3958	g1048_show_fish_16
3959	g1048_show_fish_17
3960	g1048_show_fish_18
3961	g1048_show_fish_19
3962	g1048_show_fish_20
3963	g1048_show_fish_21
3964	g1048_show_fish_22
3965	g1048_show_fish_23
3966	g1048_show_fish_24
3967	g1048_show_fish_25
3968	g1048_show_fish_26
3969	g1048_show_fish_27
3970	g1048_show_fish_28
