宝箱Id	游戏类型	宝物itemId	宝物模型	持有特效	捨取播报	是否显示数量	持有Buff
id	gameType	itemId	itemActor	holdEffect	pickUpTip	showCount	buffId
1	g1050	511	g1048_diamond.actor	#	#	0	0
4	g1050	3806	g1050_gem_1.actor	#	tip_1050_pickup_gem1	0	0
5	g1050	3807	g1050_gem_2.actor	g1048_gem_beam_light_purple.effect	tip_1050_pickup_gem2	0	0
6	g1050	3808	g1050_gem_3.actor	g1048_gem_beam_light_orange.effect	tip_1050_pickup_gem3	0	0
7	g1049	1372	g1048_pvp_gem_shards.actor	g1048_gem_beam_light_red.effect	tip_1049_pickup_gem_shards	1	512
