引导Id	游戏类型	类型	完成条件(任务ID)	类名	额外参数
id	gameType	type	condition	class	extra
1	g1048	1	1	FindItemChest	#
10111	g1048	1	1011	BreakBlock	#
10112	g1048	1	1011	GoHome	#
10211	g1048	1	1021	UseChest	10008
10212	g1048	1	1021	GoHome	#
10311	g1048	1	1031	UseWorkbench	#
10312	g1048	1	1031	GoHome	#
10321	g1048	1	1032	UseWorkbench	#
10322	g1048	1	1032	GoHome	#
10331	g1048	1	1033	UseWorkbench	#
10332	g1048	1	1033	GoHome	#
10411	g1048	1	1041	BreakBlock	#
10412	g1048	1	1041	FindPickaxe	#
10413	g1048	1	1041	GoHome	#
10421	g1048	1	1042	UseWorkbench	#
10422	g1048	1	1042	GoHome	#
10431	g1048	1	1043	BreakBlock	#
10432	g1048	1	1043	FindPickaxe	#
10433	g1048	1	1043	GoHome	#
10511	g1048	1	1051	UseStore	#
10512	g1048	1	1051	GoHome	#
10521	g1048	1	1052	UseWorkbench	#
10522	g1048	1	1052	GoHome	#
10531	g1048	1	1053	EquipSlot	#
10532	g1048	1	1053	UseWorkbench	#
10533	g1048	1	1053	GoHome	#
10611	g1048	1	1061	GoMineField	#
10612	g1048	1	1061	UpgradeProduct	#
10621	g1048	1	1062	GoMineField	#
10622	g1048	1	1062	SellProduct	#
10711	g1048	1	1071	BreakBlock	#
10712	g1048	1	1071	GoHome	#
10713	g1048	1	1071	NoobSelectMode	-1
20101	g1049	1	3101103	FindTaskNpc	g1048_npc_mining_cry_boy_01.actor#77,51,76#345#gui.mine.main.task.talk01
20102	g1049	1	3101106	FindTaskNpc	g1048_npc_mining_golden_miner.actor#90.5,51,61.8#365#gui.mine.main.task.talk02
20103	g1049	1	3101114	FindTaskNpc	g1048_npc_mining_hammer.actor#145.5,51,64.5#130#gui.mine.main.task.talk03
20104	g1049	1	3101117	FindTaskNpc	g1048_npc_mining_golden_miner.actor#90.5,51,45.5#0#gui.mine.main.task.talk04
20105	g1049	1	3101124	FindTaskNpc	g1048_npc_mining_cry_boy_02.actor#155.5,51,-149.5#10#gui.mine.main.task.talk05
20106	g1049	1	3101127	FindTaskNpc	g1048_npc_mining_golden_miner.actor#109,51,-102#270#gui.mine.main.task.talk06
20107	g1049	1	3101130	FindTaskNpc	g1048_npc_mining_golden_miner.actor#94.5,51,-118.5#338#gui.mine.main.task.talk07
20108	g1049	1	3101133	FindTaskNpc	g1048_npc_mining_detect_boy.actor#95,64,-147.5#325#gui.mine.main.task.talk08
20109	g1049	1	3101138	FindTaskNpc	g1048_npc_mining_cry_boy_03.actor#288.5,53,-166.5#48#gui.mine.main.task.talk09
20110	g1049	1	3101141	FindTaskNpc	g1048_npc_mining_detect_boy.actor#295.5,58,-156.5#65#gui.mine.main.task.talk10
20111	g1049	1	3101144	FindTaskNpc	g1048_npc_mining_golden_miner.actor#268.5,51,-126.5#190#gui.mine.main.task.talk11
20112	g1049	1	3101147	FindTaskNpc	g1048_npc_mining_golden_miner.actor#269.5,51,-166.5#10#gui.mine.main.task.talk12
20113	g1049	1	3101150	FindTaskNpc	g1048_npc_mining_detect_boy.actor#302.5,66,-153.5#80#gui.mine.main.task.talk13
20114	g1049	1	3101153	FindTaskNpc	g1048_npc_mining_mystery_boy.actor#351.5,75,-149.5#90#gui.mine.main.task.talk14
20201	g1049	1	3101119	GoPosition	97.35,51,100.5
20202	g1049	1	3101122	GoPosition	90.5,57,10
20203	g1049	1	3101136	GoPosition	160,52,-105
20204	g1049	1	3101102	GoPosition	105.5,51,73.5
20205	g1049	1	3101104	GoPosition	105.5,51,73.5
20206	g1049	1	3101105	GoPosition	105.5,51,73.5
20301	g1049	1	3101102	MarkMonster	4001
20302	g1049	1	3101104	MarkMonster	4001
20303	g1049	1	3101105	MarkMonster	4001
20304	g1049	1	3101112	MarkMonster	4001
20305	g1049	1	3101115	MarkMonster	4003
20306	g1049	1	3101116	MarkMonster	4003
20307	g1049	1	3101120	MarkMonster	4003
20308	g1049	1	3101123	MarkMonster	4009
20309	g1049	1	3101125	MarkMonster	4009
20310	g1049	1	3101126	MarkMonster	4009
20311	g1049	1	3101134	MarkMonster	4009
20312	g1049	1	3101137	MarkMonster	4011
20313	g1049	1	3101139	MarkMonster	4011
20314	g1049	1	3101140	MarkMonster	4011
20315	g1049	1	3101142	MarkMonster	4002
20316	g1049	1	3101143	MarkMonster	4002
20317	g1049	1	3101151	MarkMonster	4002
