event	event_ch_name	event_description	key1	key2	key3	key4	key5	key6	key7	key8	key9	key10	key11	key12	key13	key14	key15	key16	key17	key18	key19	key20	key21	key22	key23	key24	key25	key26	key27	key28	key29	key30	key31	key32	key33	key34	key35	key36
上报时机	中文名	描述	属性1	属性2	属性3	属性4	属性5	属性6	属性7	属性8	属性9	属性10	属性11	属性12	属性13	属性14	属性15	属性16	属性17	属性18	属性19	属性20	属性21	属性22	属性23	属性24	属性25	属性26	属性27	属性28	属性29	属性30	属性31	属性32	属性33	属性34	属性35	属性36
enter_area	进入区域或回到自宅	进入区域或回到自宅	player_new	report_id	island_lv	area_name	owner_id																															
app_sc_exchange_1	游戏货币流水日志(金魔方)	游戏货币流水日志	player_new	report_id	island_lv	item_id	currency_id	update_count	count_before	count_after	real_count	source	passport_lv	passport_vip																								
app_sc_exchange_3	游戏货币流水日志(金币)	游戏货币流水日志	player_new	report_id	island_lv	item_id	currency_id	update_count	count_before	count_after	source	passport_lv	passport_vip																									
app_sc_exchange_4	游戏货币流水日志(勇气勋章)	游戏货币流水日志	player_new	report_id	island_lv	item_id	currency_id	update_count	count_before	count_after	source	passport_lv	passport_vip																									
app_sc_exchange_5	游戏货币流水日志(水晶)	游戏货币流水日志	player_new	report_id	island_lv	item_id	currency_id	update_count	count_before	count_after	source	passport_lv	passport_vip																									
item_record	物品变更	物品变更	player_new	report_id	island_lv	item_id	item_meta	update_count	count_before	count_after	source	currency_id																										
item_record_gm	物品变更	物品变更	player_new	report_id	island_lv	item_id	item_meta	update_count	count_before	count_after	source	currency_id																										
ui_open	打开UI界面	打开UI界面	player_new	report_id	ui_name	playtime	playtime_sum1																															
ui_close	关闭UI界面	关闭UI界面	player_new	report_id	ui_name	show_time																																
passport_buy	购买通行证	购买通行证	player_new	report_id	item_name	item_id	passport_lv	passport_vip	island_lv	gcube_num	coins_num																											
product_up	购买/升级挖矿机	购买/升级挖矿机	player_new	report_id	item_name	item_id	island_lv	gcube_num	coins_num																													
task_done	完成任务	完成任务	player_new	report_id	task_group	task_id	task_times	island_lv	passport_lv	passport_vip																												
random_shop_refresh	随机商店刷新	随机商店刷新	player_new	report_id	island_lv	item_id	update_count	passport_lv	passport_vip																													
ui_click_pass	点击通行证页面内按钮	点击通行证页面内按钮	player_new	report_id	passport_lv	passport_vip	gcube_num	button_name																														
ui_click_main_new	点击主界面按钮（新玩家）	点击主界面按钮（新玩家） 	player_new	report_id	island_lv	area_name	button_name	playtime	playtime_sum1	position																												
player_in	游戏_进入	玩家进入游戏时	player_new	report_id	game_jump	public_ip	game_id	owner_id
player_out	游戏_退出	玩家退出游戏时	player_new	report_id	game_jump	playtime	playtime_sum1	island_lv	gcube_num	coins_num	gem_num	area_name	task_id	item_id																								
player_minute_fps	每分钟平均帧数	每分钟上报一次	player_new	report_id	area_name	playtime	playtime_sum1	minute_average_fps	minute_min_fps	minute_max_fps	minute_average_ping	minute_min_ping	minute_max_ping	minute_jank																								
newplayer_equip	穿戴装备	当玩家成功穿戴装备时（新玩家标签=1特有）	player_new	report_id	island_lv	playtime	playtime_sum1	area_name	coins_num																													
newplayer_block_put	方块放置	当玩家放置方块时（新玩家标签=1特有）	player_new	report_id	count_before	block_id	island_lv	playtime	playtime_sum1	coins_num																												
newplayer_block_break	方块破坏	当玩家破坏方块成功时（新玩家标签=1，并且playtime_sum1<1200）	player_new	report_id	count_before	block_id	item_id	island_lv	playtime	playtime_sum1	area_name	coins_num																										
newplayer_die	玩家死亡	当玩家死亡时（新玩家标签=1特有）	player_new	report_id	item_id	island_lv	playtime	playtime_sum1	area_name	coins_num	source																											
newplayer_one_block	新手退出OneBlock信息	新手退出退出时（新玩家标签=1-14特有）	player_new	report_id	item_id	island_lv	playtime	playtime_sum1																														
newplayer_select_mode	新玩家选择模式	新玩家选择模式时	player_new	report_id																																		
precious_item_count	玩家贵重物品数量	玩家退出退出时	player_new	report_id	update_count	count_before	count_after	island_lv	playtime	playtime_sum1																												
pay_money_failed	支付货币失败	支付货币失败时	player_new	report_id	currency_id	update_count	item_id	item_meta	source																													
prop_collect_count	仓鼠榜上报数量	仓鼠榜上报数量时	player_new	report_id	count_after	item_id																																
convert_container_data	转换容器数据	转换容器数据时	player_new	report_id	source																																	
reset_solo_data	重置单挑数据	每月重置单挑数据时	player_new	report_id	update_count	count_before	count_after	source																														
db_chest_count	箱子数据数量	玩家退出游戏时	player_new	report_id	update_count																																	
game_cheat_detect	作弊检测	玩家作弊时	player_new	report_id	item_id	update_count																																
ad_game_clicked	广告点击	玩家点击广告时	player_new	report_id	item_id	source
ad_game_rewarded	广告奖励	玩家看完广告时	player_new	report_id	item_id	source
activity_optional_lottery	玩家自选抽奖结果	玩家自选抽奖时	player_new	report_id	gcube_num	is_free	item_id	item_meta	currency_id	real_count	quality	update_count	count_before	count_after	source
activity_lucky_lottery	玩家幸运抽奖结果	玩家幸运抽奖时	player_new	report_id	gcube_num	real_count	update_count	count_before	quality	source
activity_global_lottery	玩家幸运抽奖结果	玩家幸运抽奖时	player_new	report_id	currency_id	count_after	source
place_home_actor	放置家园模型	放置家园模型时	player_new	report_id	item_id	position
recycle_home_actor	回收家园模型	回收家园模型时	player_new	report_id	item_id	position
create_party	创建派对	创建派对时	player_new	report_id
show_activity_login_ui	打开活动UI	打开活动UI时	player_new	report_id	ui_name	item_id
safe_lock_operate	操作安全锁	操作安全锁时	player_new	report_id	source
player_like_home	玩家给家园点赞	玩家给家园点赞时	player_new	report_id	currency_id
on_boss_dead	boss死亡	boss死亡时	owner_id
on_boss_recycle	boss回收	boss回收时	owner_id																																			
on_boss_reset	boss重置	boss重置时	owner_id																																			
disconnect_overtime	掉线超时	掉线5分钟后未退出的玩家	game_id	net_status																																		
server_minute_run_time	服务器每分钟相应时间	每分钟上报一次	game_id	public_ip	minute_average_fps	minute_min_fps	minute_max_fps	update_count
