唯一ID	actor头顶信息(未解锁)	actor头顶信息(已解锁)	actor头顶信息(永久)
id	headInfoLock	headInfo	headInfoForever
4001	mechine_HeadInfo_Lock1	mechine_HeadInfo1	mechine_HeadInfo_Forever1
4002	mechine_HeadInfo_Lock2	mechine_HeadInfo2	mechine_HeadInfo_Forever2
4003	mechine_HeadInfo_Lock3	mechine_HeadInfo3	mechine_HeadInfo_Forever3
4004	mechine_HeadInfo_Lock4	mechine_HeadInfo4	mechine_HeadInfo_Forever4
4005	mechine_HeadInfo_Lock5	mechine_HeadInfo5	mechine_HeadInfo_Forever5
4006	mechine_HeadInfo_Lock6	mechine_HeadInfo6	mechine_HeadInfo_Forever6
