{
    "frames": {
        "bg": {
            "frame": {
                "x": 1,
                "y": 1,
                "w": 665,
                "h": 430
            },
            "offset": {
                "x": 0,
                "y": 0,
                "w": 665,
                "h": 430
            },
            "sourceSize": {
                "w": 665,
                "h": 430
            }
        }
    },
    "meta": {
        "image": "ad_jump_face.png",
        "format": "RGBA8888",
        "size": {
            "w": 667,
            "h": 432
        },
        "scale": "1",
        "type": "frame"
    }
}