{
    "frames": {
        "bg": {
            "frame": {
                "x": 1,
                "y": 355,
                "w": 512,
                "h": 287
            },
            "offset": {
                "x": 0,
                "y": 0,
                "w": 512,
                "h": 287
            },
            "sourceSize": {
                "w": 512,
                "h": 287
            }
        },
        "chb_ad": {
            "frame": {
                "x": 433,
                "y": 1,
                "w": 224,
                "h": 97
            },
            "offset": {
                "x": 0,
                "y": 0,
                "w": 224,
                "h": 97
            },
            "sourceSize": {
                "w": 224,
                "h": 97
            }
        },
        "icon_ad": {
            "frame": {
                "x": 86,
                "y": 1,
                "w": 51,
                "h": 39
            },
            "offset": {
                "x": 0,
                "y": 0,
                "w": 51,
                "h": 39
            },
            "sourceSize": {
                "w": 51,
                "h": 39
            }
        },
        "icon_ad_big": {
            "frame": {
                "x": 309,
                "y": 1,
                "w": 123,
                "h": 92
            },
            "offset": {
                "x": 0,
                "y": 0,
                "w": 123,
                "h": 92
            },
            "sourceSize": {
                "w": 123,
                "h": 92
            }
        },
        "img_clock": {
            "frame": {
                "x": 13,
                "y": 1,
                "w": 22,
                "h": 25
            },
            "offset": {
                "x": 0,
                "y": 0,
                "w": 22,
                "h": 25
            },
            "sourceSize": {
                "w": 22,
                "h": 25
            }
        },
        "img_clock_bd": {
            "frame": {
                "x": 251,
                "y": 1,
                "w": 57,
                "h": 34
            },
            "offset": {
                "x": 0,
                "y": 0,
                "w": 57,
                "h": 34
            },
            "sourceSize": {
                "w": 57,
                "h": 34
            }
        },
        "img_schedule_bg": {
            "frame": {
                "x": 1,
                "y": 643,
                "w": 743,
                "h": 191
            },
            "offset": {
                "x": 0,
                "y": 0,
                "w": 743,
                "h": 191
            },
            "sourceSize": {
                "w": 743,
                "h": 191
            }
        },
        "item_bd__blue": {
            "frame": {
                "x": 1,
                "y": 99,
                "w": 244,
                "h": 255
            },
            "offset": {
                "x": 0,
                "y": 0,
                "w": 244,
                "h": 255
            },
            "sourceSize": {
                "w": 244,
                "h": 255
            }
        },
        "item_bd_orange": {
            "frame": {
                "x": 491,
                "y": 99,
                "w": 244,
                "h": 255
            },
            "offset": {
                "x": 0,
                "y": 0,
                "w": 244,
                "h": 255
            },
            "sourceSize": {
                "w": 244,
                "h": 255
            }
        },
        "item_bd_purple": {
            "frame": {
                "x": 246,
                "y": 99,
                "w": 244,
                "h": 255
            },
            "offset": {
                "x": 0,
                "y": 0,
                "w": 244,
                "h": 255
            },
            "sourceSize": {
                "w": 244,
                "h": 255
            }
        },
        "item_frame_blue": {
            "frame": {
                "x": 138,
                "y": 1,
                "w": 55,
                "h": 58
            },
            "offset": {
                "x": 0,
                "y": 0,
                "w": 55,
                "h": 58
            },
            "sourceSize": {
                "w": 55,
                "h": 58
            }
        },
        "item_frame_orange": {
            "frame": {
                "x": 194,
                "y": 1,
                "w": 56,
                "h": 57
            },
            "offset": {
                "x": 0,
                "y": 0,
                "w": 56,
                "h": 57
            },
            "sourceSize": {
                "w": 56,
                "h": 57
            }
        },
        "pbar_bg": {
            "frame": {
                "x": 61,
                "y": 1,
                "w": 24,
                "h": 14
            },
            "offset": {
                "x": 0,
                "y": 0,
                "w": 24,
                "h": 14
            },
            "sourceSize": {
                "w": 24,
                "h": 14
            }
        },
        "pbar_dot": {
            "frame": {
                "x": 1,
                "y": 1,
                "w": 11,
                "h": 7
            },
            "offset": {
                "x": 0,
                "y": 0,
                "w": 11,
                "h": 7
            },
            "sourceSize": {
                "w": 11,
                "h": 7
            }
        },
        "pbar_fg": {
            "frame": {
                "x": 36,
                "y": 1,
                "w": 24,
                "h": 14
            },
            "offset": {
                "x": 0,
                "y": 0,
                "w": 24,
                "h": 14
            },
            "sourceSize": {
                "w": 24,
                "h": 14
            }
        }
    },
    "meta": {
        "image": "common_ad_activity.png",
        "format": "RGBA8888",
        "size": {
            "w": 745,
            "h": 835
        },
        "scale": "1",
        "type": "frame"
    }
}