{
  "?grandPriceCfgs": "大奖配置",
  "grandPriceCfgs": [
    {
      "times": 10,
      "rewardId": 15001,
      "rewardCount": 10
    },
    {
      "times": 20,
      "rewardId": 15001,
      "rewardCount": 12
    },
    {
      "times": 30,
      "rewardId": 15001,
      "rewardCount": 14
    },
    {
      "times": 40,
      "rewardId": 15001,
      "rewardCount": 16
    },
    {
      "times": 50,
      "rewardId": 15001,
      "rewardCount": 18
    },
    {
      "times": 60,
      "rewardId": 15001,
      "rewardCount": 20
    },
    {
      "times": 70,
      "rewardId": 15001,
      "rewardCount": 22
    },
    {
      "times": 80,
      "rewardId": 15001,
      "rewardCount": 24
    },
    {
      "times": 90,
      "rewardId": 15001,
      "rewardCount": 26
    },
    {
      "times": 100,
      "rewardId": 15001,
      "rewardCount": 28
    },
    {
      "times": 110,
      "rewardId": 15001,
      "rewardCount": 32
    },
    {
      "times": 120,
      "rewardId": 15001,
      "rewardCount": 34
    },
    {
      "times": 130,
      "rewardId": 15001,
      "rewardCount": 36
    },
    {
      "times": 140,
      "rewardId": 15001,
      "rewardCount": 38
    },
    {
      "times": 150,
      "rewardId": 15001,
      "rewardCount": 40
    },
    {
      "times": 160,
      "rewardId": 15001,
      "rewardCount": 42
    },
    {
      "times": 170,
      "rewardId": 15001,
      "rewardCount": 44
    },
    {
      "times": 180,
      "rewardId": 15001,
      "rewardCount": 46
    },
    {
      "times": 190,
      "rewardId": 15001,
      "rewardCount": 48
    },
    {
      "times": 200,
      "rewardId": 15001,
      "rewardCount": 50
    }
  ],
  "?giveUpRefreshTime": "放弃任务刷新时间配置",
  "giveUpRefreshTime": [
    0, 60, 3600, 86400, 172800, 259200
  ],
  "?startDate": "任务链开启日期",
  "startDate": "2022,10,15,08,00,00",
  "?refreshTime": "任务链刷新间隔",
  "refreshTime": 604800
}