表Id	奖励组Id	拉杆捕鱼动作	奖励Id	奖励数量	权重	上鱼广播提示
id	groundId	actionCatchFish	rewardId	rewardCount	weight	catchTip
10001	100	g1048_fishing_bait_29	12001	200	2000	#
10002	100	g1048_fishing_bait_29	12001	300	4000	#
10003	100	g1048_fishing_bait_29	41303	1	5000	#
10004	100	g1048_fishing_bait_29	41044	1	3000	#
10005	100	g1048_fishing_bait_02	41540	1	1000	#
10006	100	g1048_fishing_bait_03	41541	1	8000	#
10007	100	g1048_fishing_bait_04	41542	1	7000	#
10008	100	g1048_fishing_bait_05	41543	1	7000	#
10009	100	g1048_fishing_bait_06	41544	1	1000	#
10010	100	g1048_fishing_bait_07	41545	1	5000	#
10011	100	g1048_fishing_bait_08	41546	1	5000	#
10012	100	g1048_fishing_bait_30	12001	500	2000	#
10013	100	g1048_fishing_bait_30	41303	2	2500	#
10014	100	g1048_fishing_bait_30	41048	1	1500	#
10015	100	g1048_fishing_bait_01	41539	1	3000	#
10016	100	g1048_fishing_bait_09	41547	1	2800	#
10017	100	g1048_fishing_bait_11	41549	1	1500	#
10018	100	g1048_fishing_bait_12	41550	1	3000	#
10019	100	g1048_fishing_bait_14	41552	1	600	#
10020	100	g1048_fishing_bait_15	41553	1	500	#
10021	100	g1048_fishing_bait_16	41554	1	3000	#
10022	100	g1048_fishing_bait_17	41555	1	1800	#
10023	100	g1048_fishing_bait_30	12001	1000	1500	#
10024	100	g1048_fishing_bait_30	41303	5	800	#
10025	100	g1048_fishing_bait_30	41049	1	1600	#
10026	100	g1048_fishing_bait_18	41556	1	1000	#
10027	100	g1048_fishing_bait_19	41557	1	1000	#
10028	100	g1048_fishing_bait_20	41558	1	500	#
10029	100	g1048_fishing_bait_31	41303	30	500	#
10030	100	g1048_fishing_bait_31	41052	1	1600	fishing_notification1
10031	100	g1048_fishing_bait_23	41561	1	80	fishing_notification1
10032	100	g1048_fishing_bait_24	41562	1	500	fishing_notification1
10033	100	g1048_fishing_bait_25	41563	1	60	fishing_notification1
10034	100	g1048_fishing_bait_27	41565	1	400	fishing_notification1
10035	100	g1048_fishing_bait_31	41518	1	50	fishing_notification2
10036	100	g1048_fishing_bait_31	41520	1	50	fishing_notification2
10037	100	g1048_fishing_bait_31	41521	1	50	fishing_notification2
10038	100	g1048_fishing_bait_21	41559	1	70	fishing_notification3
10039	100	g1048_fishing_bait_26	41564	1	40	fishing_notification3
10101	101	g1048_fishing_bait_03	41541	1	2100	#
10102	101	g1048_fishing_bait_07	41545	1	2500	#
10103	101	g1048_fishing_bait_08	41546	1	5000	#
10104	101	g1048_fishing_bait_02	41540	1	3000	#
10105	101	g1048_fishing_bait_06	41544	1	3000	#
10106	101	g1048_fishing_bait_15	41553	1	2000	#
10107	101	g1048_fishing_bait_14	41552	1	2400	#
10201	102	g1048_fishing_bait_02	41540	1	5200	#
10202	102	g1048_fishing_bait_06	41544	1	5200	#
10203	102	g1048_fishing_bait_09	41547	1	1400	#
10204	102	g1048_fishing_bait_14	41552	1	3200	#
10205	102	g1048_fishing_bait_10	41548	1	5000	#
10301	103	g1048_fishing_bait_06	41544	1	4000	#
10302	103	g1048_fishing_bait_09	41547	1	2800	#
10303	103	g1048_fishing_bait_15	41553	1	5200	#
10304	103	g1048_fishing_bait_14	41552	1	3000	#
10305	103	g1048_fishing_bait_13	41551	1	4000	#
10306	103	g1048_fishing_bait_19	41557	1	1000	#
10401	104	g1048_fishing_bait_09	41547	1	3200	#
10402	104	g1048_fishing_bait_17	41555	1	2200	#
10403	104	g1048_fishing_bait_15	41553	1	2500	#
10404	104	g1048_fishing_bait_14	41552	1	2700	#
10405	104	g1048_fishing_bait_19	41557	1	4000	#
10406	104	g1048_fishing_bait_20	41558	1	2000	#
10407	104	g1048_fishing_bait_22	41560	1	3000	#
10408	104	g1048_fishing_bait_25	41563	1	400	fishing_notification1
10501	105	g1048_fishing_bait_06	41544	1	5200	#
10502	105	g1048_fishing_bait_09	41547	1	4200	#
10503	105	g1048_fishing_bait_20	41558	1	5000	#
10504	105	g1048_fishing_bait_25	41563	1	600	fishing_notification1
10505	105	g1048_fishing_bait_24	41562	1	1380	fishing_notification1
10506	105	g1048_fishing_bait_23	41561	1	780	fishing_notification1
10507	105	g1048_fishing_bait_27	41565	1	900	fishing_notification1
10508	105	g1048_fishing_bait_28	41566	1	800	fishing_notification1
10509	105	g1048_fishing_bait_31	41518	1	50	fishing_notification2
10510	105	g1048_fishing_bait_31	41520	1	50	fishing_notification2
10511	105	g1048_fishing_bait_31	41521	1	50	fishing_notification2
10512	105	g1048_fishing_bait_21	41559	1	630	fishing_notification3
10513	105	g1048_fishing_bait_26	41564	1	360	fishing_notification3
