id	游戏类型	图集名	图片名	坐标	朝向	缩放
id	gameType	atlas	sprite	position	yaw	scale
1	g1049	mining_tips.json	g1048_area_tips_mining	90.5,56,88.5	0	0.5
2	g1049	mining_tips.json	g1048_area_tips_pvp	91.5,56.5,153.5	180	0.5
3	g1049	mining_tips.json	g1048_area_tips_mining	109.5,55,-102.5	270	0.5
4	g1049	mining_tips.json	g1048_area_tips_mining	272.5,58,-121.5	180	0.5
5	g1049	mining_tips.json	g1048_area_tips_mining	267.5,53.5,-167.5	0	0.35
6	g1049	mining_tips.json	g1048_area_tips_mining	291,80,-343	0	0.5
7	g1049	mining_tips.json	g1048_area_tips_mining	288,76,34	270	0.5
8	g1049	mining_tips.json	g1048_area_tips_mining	356,76,35	90	0.5
9	g1049	mine_index.json	g1048_mine_index_1	100.9,55.5,94.5	90	1
10	g1049	mine_index.json	g1048_mine_index_2	142.5,54.3,-99	90	1
11	g1049	mine_index.json	g1048_mine_index_3	265.5,54.5,-158.5	270	1
12	g1049	mine_index.json	g1048_mine_index_4	287,80.5,-317	180	1
13	g1049	mine_index.json	g1048_mine_index_5	313,74.5,8	270	1
