{
  "Class": "Flag",
  "Teams": [
    {
      "teamId": 1,
      "birthPos": {
        "x": 91.5,
        "y": 52,
        "z": 160.5,
        "yaw": 0
      }
    },
    {
      "teamId": 2,
      "birthPos": {
        "x": 91.5,
        "y": 52,
        "z": 160.5,
        "yaw": 0
      }
    }
  ],
  "TeamSize": 16,
  "MinPlayers": 2,
  "WinScore": 2000,
  "WaitTick": 1200,
  "NoMatchTick": 1200,
  "BattleTick": 12000,
  "RespawnCountdown": 5,
  "StartTip": "pk.sole.start.tip",
  "WinTip": "pk.sole.win.tip",
  "LoseTip": "pk.sole.lose.tip",
  "WaitMainIcon": "set:main.json image:btn_0_friends02",
  "BattleMainIcon": "set:rank.json image:img_0_battle"
}