{
  "Class": "Solo",
  "Teams": [
    {
      "teamId": 1
    },
    {
      "teamId": 2
    }
  ],
  "TeamSize": 1,
  "MinPlayers": 0,
  "HeadEffect": "g1048_pvp_start_camera.effect",
  "FlagActor": "g1048_flag_pvp.actor",
  "RangeRadius": 24,
  "ForcePkStreakWin": 15,
  "OutRangeTime": 15,
  "EndCooldown": 15,
  "WaitTick": 50,
  "BattleTick": 3000,
  "BattleTimeTip": true,
  "OutRangeTip": "pk.sole.range.tip",
  "StartTip": "pk.sole.start.tip",
  "WinTip": "pk.sole.win.tip",
  "LoseTip": "pk.sole.lose.tip",
  "WaitMainIcon": "set:rank.json image:img_0_battle",
  "BattleMainIcon": "set:rank.json image:img_0_battle"
}