npcId	归属组	转换的道具Id	模型名称	坐标	朝向	默认初始化	是否会被替换	替换时间	是否在战场模式下	随机权重
id	group	itemId	actorName	actorPos	actorYaw	defaultInit	replace	replaceTime	inBattleName	weight
1	gem_arena	1372	g1048_npc_pvp_gem_1.actor	65#51#175	280	0	1	230000	GemArena	100
2	gem_arena	1372	g1048_npc_pvp_gem_1.actor	73#51#164	310	0	1	230000	GemArena	100
3	gem_arena	1372	g1048_npc_pvp_gem_1.actor	78#51#181	180	0	1	230000	GemArena	100
4	gem_arena	1372	g1048_npc_pvp_gem_1.actor	109#51#165	50	0	1	230000	GemArena	100
5	gem_arena	1372	g1048_npc_pvp_gem_1.actor	104#51#181	180	0	1	230000	GemArena	100
6	gem_arena	1372	g1048_npc_pvp_gem_1.actor	117#51#175	90	0	1	230000	GemArena	100
7	gem_arena	1372	g1048_npc_pvp_gem_1.actor	84#48#191	90	0	1	230000	GemArena	100
8	gem_arena	1372	g1048_npc_pvp_gem_1.actor	98#48#191	270	0	1	230000	GemArena	100
9	gem_arena	1372	g1048_npc_pvp_gem_2.actor	91.5#54#191.5	180	0	0	0	GemArena	0
