{
  "说明文档": {
    "chestIds": "抢夺的宝箱Id列表(多个用“,”隔开)",
    "npcGroup": "转换道具的npc组(mine_hole/ConvertItemNpc.csv)",
    "showPermanentNpc": "开始多少秒后，显示常驻转换NPC",
    "waitTime": "等待时间(秒)",
    "battlePos": "战场坐标",
    "initBuffIds": "初始化Buff",
    "minPlayers": "最小开启人数",
    "airWall": "空气墙配置",
    "minPos": "战场坐标(最小)",
    "maxPos": "战场坐标(最大)"
  },
  "g1049": {
    "chestIds": "13",
    "npcGroup": "gem_arena",
    "showPermanentNpc": 539,
    "waitTime": 2940,
    "minPlayers": 16,
    "battlePos": {
      "x": 90.5,
      "y": 52,
      "z": 159.5
    },
    "initBuffIds": [],
    "minPos": {
      "x": 59,
      "y": 43,
      "z": 155
    },
    "maxPos": {
      "x": 123,
      "y": 69,
      "z": 234
    },
    "waitTipPos": {
      "x": 91.5,
      "y": 54,
      "z": 153.5,
      "w": 2
    },
    "airWall": {
      "minPos": {
        "x": 81,
        "y": 50,
        "z": 153
      },
      "maxPos": {
        "x": 101,
        "y": 62,
        "z": 153
      }
    }
  }
}