{
  "bind_bone": "s_pelvis",
  "scale": 1,
  "move_speed": 500,
  "action_player": {
    "0": "ride_single_idle",
    "1": "ride_single_idle",
    "2": "ride_jump_1",
    "3": "ride_jump_2",
    "4": "ride_squat_1",
    "5": "ride_single_idle",
    "6": "ride_single_idle",
    "14": "ride_single_idle",
    "18": "ride_single_idle",
    "19": "ride_single_idle",
    "1000": "ride_attack",
    "1001": "ride_arrow_1",
    "1002": "ride_arrow_3",
    "1003": "ride_attack",
    "1004": "ride_eat",
    "1005": "ride_eat",
    "1006": "ride_eat",
    "1007": "ride_eat",
    "1008": "ride_attack",
    "1009": "smg_reload",
    "1010": "ride_attack"
  },
  "action_mount": {
    "0": "idle",
    "1": "run",
    "2": "run",
    "3": "run",
    "4": "idle",
    "5": "run",
    "6": "run",
    "14": "run",
    "18": "run",
    "19": "idle",
    "1000": "run",
    "1003": "run"
  }
}