{
  "?copyBlueprintPrice": "复制蓝图收费标准，方块数量count，魔方价格price",
  "copyBlueprintPrice": [
    {
      "count": 1000,
      "price": 10
    },
    {
      "count": 1500,
      "price": 15
    },
    {
      "count": 2000,
      "price": 20
    },
    {
      "count": 2500,
      "price": 25
    },
    {
      "count": 3000,
      "price": 30
    },
    {
      "count": 3500,
      "price": 35
    },
    {
      "count": 4000,
      "price": 40
    },
    {
      "count": 4500,
      "price": 45
    },
    {
      "count": 5000,
      "price": 50
    },
    {
      "count": 5500,
      "price": 55
    },
    {
      "count": 6000,
      "price": 60
    },
    {
      "count": 9999999,
      "price": 60
    }
  ]
}